code,food_additive,use,definition
FA0010,5'-구아닐산이나트륨,영양강화제,"식품의 영양학적 품질을 유지하기 위해 제조공정 중 손실된 영양소를 복원하거나, 영양소를 강화시키는 식품첨가물"
FA0020,5'-디아미나아제,효소제,특정한 생화학 반응의 촉매 작용을 하는 식품첨가물
FA0030,5'-리보뉴클레오티드이나트륨,영양강화제,"식품의 영양학적 품질을 유지하기 위해 제조공정 중 손실된 영양소를 복원하거나, 영양소를 강화시키는 식품첨가물"
FA0040,5'-리보뉴클레오티드칼슘,영양강화제,"식품의 영양학적 품질을 유지하기 위해 제조공정 중 손실된 영양소를 복원하거나, 영양소를 강화시키는 식품첨가물"
FA0050,5'-시티딜산,영양강화제,"식품의 영양학적 품질을 유지하기 위해 제조공정 중 손실된 영양소를 복원하거나, 영양소를 강화시키는 식품첨가물"
FA0060,5'-시티딜산이나트륨,영양강화제,"식품의 영양학적 품질을 유지하기 위해 제조공정 중 손실된 영양소를 복원하거나, 영양소를 강화시키는 식품첨가물"
FA0070,5'-아데닐산,영양강화제,"식품의 영양학적 품질을 유지하기 위해 제조공정 중 손실된 영양소를 복원하거나, 영양소를 강화시키는 식품첨가물"
FA0080,5'-우리딜산이나트륨,영양강화제,"식품의 영양학적 품질을 유지하기 위해 제조공정 중 손실된 영양소를 복원하거나, 영양소를 강화시키는 식품첨가물"
FA0090,5'-이노신산이나트륨,영양강화제,"식품의 영양학적 품질을 유지하기 위해 제조공정 중 손실된 영양소를 복원하거나, 영양소를 강화시키는 식품첨가물"
FA0100,6'-구아닐산이나트륨,향미증진제,식품의 맛 또는 향미를 증진시키는 식품첨가물
FA0110,6'-리보뉴클레오티드이나트륨,향미증진제,식품의 맛 또는 향미를 증진시키는 식품첨가물
FA0120,6'-리보뉴클레오티드칼슘,향미증진제,식품의 맛 또는 향미를 증진시키는 식품첨가물
FA0130,6'-이노신산이나트륨,향미증진제,식품의 맛 또는 향미를 증진시키는 식품첨가물
FA0140,d-a-토코페릴아세테이트,산화방지제,산화에 의한 식품의 품질저하를 방지하는 식품첨가물
FA0141,d-a-토코페릴아세테이트,영양강화제,"식품의 영양학적 품질을 유지하기 위해 제조공정 중 손실된 영양소를 복원하거나, 영양소를 강화시키는 식품첨가물"
FA0150,d-a-토코페릴호박산,산화방지제,산화에 의한 식품의 품질저하를 방지하는 식품첨가물
FA0151,d-a-토코페릴호박산,영양강화제,"식품의 영양학적 품질을 유지하기 위해 제조공정 중 손실된 영양소를 복원하거나, 영양소를 강화시키는 식품첨가물"
FA0160,dl-a-토코페릴아세테이트,산화방지제,산화에 의한 식품의 품질저하를 방지하는 식품첨가물
FA0161,dl-a-토코페릴아세테이트,영양강화제,"식품의 영양학적 품질을 유지하기 위해 제조공정 중 손실된 영양소를 복원하거나, 영양소를 강화시키는 식품첨가물"
FA0170,DL-메티오닌,영양강화제,"식품의 영양학적 품질을 유지하기 위해 제조공정 중 손실된 영양소를 복원하거나, 영양소를 강화시키는 식품첨가물"
FA0180,dl-멘톨,향료,식품에 특유한 향을 부여하거나 제조공정 중 손실된 식품 본래의 향을 보강시키는 식품첨가물
FA0190,DL-사과산,산도조절제,식품의 산도 또는 알칼리도를 조절하는 식품첨가물
FA0191,DL-사과산,팽창제,가스를 방출하여 반죽의 부피를 증가시키는 식품첨가물
FA0200,DL-사과산나트륨,산도조절제,식품의 산도 또는 알칼리도를 조절하는 식품첨가물
FA0201,DL-사과산나트륨,팽창제,가스를 방출하여 반죽의 부피를 증가시키는 식품첨가물
FA0210,DL-알라닌,영양강화제,"식품의 영양학적 품질을 유지하기 위해 제조공정 중 손실된 영양소를 복원하거나, 영양소를 강화시키는 식품첨가물"
FA0220,DL-주석산,산도조절제,식품의 산도 또는 알칼리도를 조절하는 식품첨가물
FA0230,DL-주석산나트륨,산도조절제,식품의 산도 또는 알칼리도를 조절하는 식품첨가물
FA0240,DL-주석산수소칼륨,산도조절제,식품의 산도 또는 알칼리도를 조절하는 식품첨가물
FA0241,DL-주석산수소칼륨,팽창제,가스를 방출하여 반죽의 부피를 증가시키는 식품첨가물
FA0250,DL-트레오닌,영양강화제,"식품의 영양학적 품질을 유지하기 위해 제조공정 중 손실된 영양소를 복원하거나, 영양소를 강화시키는 식품첨가물"
FA0260,DL-트립토판,영양강화제,"식품의 영양학적 품질을 유지하기 위해 제조공정 중 손실된 영양소를 복원하거나, 영양소를 강화시키는 식품첨가물"
FA0270,DL-페닐알라닌,영양강화제,"식품의 영양학적 품질을 유지하기 위해 제조공정 중 손실된 영양소를 복원하거나, 영양소를 강화시키는 식품첨가물"
FA0280,d-α-토코페롤,산화방지제,산화에 의한 식품의 품질저하를 방지하는 식품첨가물
FA0281,d-α-토코페롤,영양강화제,"식품의 영양학적 품질을 유지하기 위해 제조공정 중 손실된 영양소를 복원하거나, 영양소를 강화시키는 식품첨가물"
FA0290,D-리보오스,감미료,식품에 단맛을 부여하는 식품첨가물
FA0300,D-말티톨,감미료,식품에 단맛을 부여하는 식품첨가물
FA0301,D-말티톨,습윤제,식품이 건조되는 것을 방지하는 식품첨가물
FA0310,D-소비톨,감미료,식품에 단맛을 부여하는 식품첨가물
FA0311,D-소비톨,습윤제,식품이 건조되는 것을 방지하는 식품첨가물
FA0320,D-소비톨액,감미료,식품에 단맛을 부여하는 식품첨가물
FA0321,D-소비톨액,습윤제,식품이 건조되는 것을 방지하는 식품첨가물
FA0330,D-자일로오스,감미료,식품에 단맛을 부여하는 식품첨가물
FA0340,d-토코페롤(혼합형),산화방지제,산화에 의한 식품의 품질저하를 방지하는 식품첨가물
FA0341,d-토코페롤(혼합형),영양강화제,"식품의 영양학적 품질을 유지하기 위해 제조공정 중 손실된 영양소를 복원하거나, 영양소를 강화시키는 식품첨가물"
FA0350,L-글루타민,영양강화제,"식품의 영양학적 품질을 유지하기 위해 제조공정 중 손실된 영양소를 복원하거나, 영양소를 강화시키는 식품첨가물"
FA0360,L-글루탐산,영양강화제,"식품의 영양학적 품질을 유지하기 위해 제조공정 중 손실된 영양소를 복원하거나, 영양소를 강화시키는 식품첨가물"
FA0361,L-글루탐산,향미증진제,식품의 맛 또는 향미를 증진시키는 식품첨가물
FA0370,L-글루탐산나트륨,향미증진제,식품의 맛 또는 향미를 증진시키는 식품첨가물
FA0380,L-글루탐산암모늄,향미증진제,식품의 맛 또는 향미를 증진시키는 식품첨가물
FA0390,L-글루탐산칼륨,향미증진제,식품의 맛 또는 향미를 증진시키는 식품첨가물
FA0400,L-라이신,영양강화제,"식품의 영양학적 품질을 유지하기 위해 제조공정 중 손실된 영양소를 복원하거나, 영양소를 강화시키는 식품첨가물"
FA0410,L-라이신염산염,영양강화제,"식품의 영양학적 품질을 유지하기 위해 제조공정 중 손실된 영양소를 복원하거나, 영양소를 강화시키는 식품첨가물"
FA0420,L-로이신,영양강화제,"식품의 영양학적 품질을 유지하기 위해 제조공정 중 손실된 영양소를 복원하거나, 영양소를 강화시키는 식품첨가물"
FA0430,L-메티오닌,영양강화제,"식품의 영양학적 품질을 유지하기 위해 제조공정 중 손실된 영양소를 복원하거나, 영양소를 강화시키는 식품첨가물"
FA0440,l-멘톨,향료,식품에 특유한 향을 부여하거나 제조공정 중 손실된 식품 본래의 향을 보강시키는 식품첨가물
FA0450,L-발린,영양강화제,"식품의 영양학적 품질을 유지하기 위해 제조공정 중 손실된 영양소를 복원하거나, 영양소를 강화시키는 식품첨가물"
FA0460,L-세린,영양강화제,"식품의 영양학적 품질을 유지하기 위해 제조공정 중 손실된 영양소를 복원하거나, 영양소를 강화시키는 식품첨가물"
FA0470,L-시스테인염산염,밀가루개량제,밀가루나 반죽에 첨가되어 제빵 품질이나 색을 증진시키는 식품첨가물
FA0471,L-시스테인염산염,영양강화제,"식품의 영양학적 품질을 유지하기 위해 제조공정 중 손실된 영양소를 복원하거나, 영양소를 강화시키는 식품첨가물"
FA0472,L-시스테인염산염,향료,식품에 특유한 향을 부여하거나 제조공정 중 손실된 식품 본래의 향을 보강시키는 식품첨가물
FA0480,L-시스틴,영양강화제,"식품의 영양학적 품질을 유지하기 위해 제조공정 중 손실된 영양소를 복원하거나, 영양소를 강화시키는 식품첨가물"
FA0490,L-아르지닌,영양강화제,"식품의 영양학적 품질을 유지하기 위해 제조공정 중 손실된 영양소를 복원하거나, 영양소를 강화시키는 식품첨가물"
FA0500,L-아스코브산나트륨,산화방지제,산화에 의한 식품의 품질저하를 방지하는 식품첨가물
FA0501,L-아스코브산나트륨,영양강화제,"식품의 영양학적 품질을 유지하기 위해 제조공정 중 손실된 영양소를 복원하거나, 영양소를 강화시키는 식품첨가물"
FA0510,L-아스코브산칼슘,산화방지제,산화에 의한 식품의 품질저하를 방지하는 식품첨가물
FA0511,L-아스코브산칼슘,영양강화제,"식품의 영양학적 품질을 유지하기 위해 제조공정 중 손실된 영양소를 복원하거나, 영양소를 강화시키는 식품첨가물"
FA0520,L-아스코빌스테아레이트,산화방지제,산화에 의한 식품의 품질저하를 방지하는 식품첨가물
FA0521,L-아스코빌스테아레이트,영양강화제,"식품의 영양학적 품질을 유지하기 위해 제조공정 중 손실된 영양소를 복원하거나, 영양소를 강화시키는 식품첨가물"
FA0530,L-아스코빌팔미테이트,산화방지제,산화에 의한 식품의 품질저하를 방지하는 식품첨가물
FA0531,L-아스코빌팔미테이트,영양강화제,"식품의 영양학적 품질을 유지하기 위해 제조공정 중 손실된 영양소를 복원하거나, 영양소를 강화시키는 식품첨가물"
FA0540,L-아스파라진,영양강화제,"식품의 영양학적 품질을 유지하기 위해 제조공정 중 손실된 영양소를 복원하거나, 영양소를 강화시키는 식품첨가물"
FA0550,L-아스파트산,영양강화제,"식품의 영양학적 품질을 유지하기 위해 제조공정 중 손실된 영양소를 복원하거나, 영양소를 강화시키는 식품첨가물"
FA0560,L-알라닌,영양강화제,"식품의 영양학적 품질을 유지하기 위해 제조공정 중 손실된 영양소를 복원하거나, 영양소를 강화시키는 식품첨가물"
FA0570,L-이소로이신,영양강화제,"식품의 영양학적 품질을 유지하기 위해 제조공정 중 손실된 영양소를 복원하거나, 영양소를 강화시키는 식품첨가물"
FA0580,L-젖산마그네슘,산도조절제,식품의 산도 또는 알칼리도를 조절하는 식품첨가물
FA0581,L-젖산마그네슘,영양강화제,"식품의 영양학적 품질을 유지하기 위해 제조공정 중 손실된 영양소를 복원하거나, 영양소를 강화시키는 식품첨가물"
FA0590,L-주석산,산도조절제,식품의 산도 또는 알칼리도를 조절하는 식품첨가물
FA0600,L-주석산나트륨,산도조절제,식품의 산도 또는 알칼리도를 조절하는 식품첨가물
FA0601,L-주석산나트륨,영양강화제,"식품의 영양학적 품질을 유지하기 위해 제조공정 중 손실된 영양소를 복원하거나, 영양소를 강화시키는 식품첨가물"
FA0610,L-주석산수소칼륨,산도조절제,식품의 산도 또는 알칼리도를 조절하는 식품첨가물
FA0611,L-주석산수소칼륨,팽창제,가스를 방출하여 반죽의 부피를 증가시키는 식품첨가물
FA0620,L-카르니틴,영양강화제,"식품의 영양학적 품질을 유지하기 위해 제조공정 중 손실된 영양소를 복원하거나, 영양소를 강화시키는 식품첨가물"
FA0630,L-트레오닌,영양강화제,"식품의 영양학적 품질을 유지하기 위해 제조공정 중 손실된 영양소를 복원하거나, 영양소를 강화시키는 식품첨가물"
FA0640,L-트립토판,영양강화제,"식품의 영양학적 품질을 유지하기 위해 제조공정 중 손실된 영양소를 복원하거나, 영양소를 강화시키는 식품첨가물"
FA0650,L-티로신,영양강화제,"식품의 영양학적 품질을 유지하기 위해 제조공정 중 손실된 영양소를 복원하거나, 영양소를 강화시키는 식품첨가물"
FA0660,L-페닐알라닌,영양강화제,"식품의 영양학적 품질을 유지하기 위해 제조공정 중 손실된 영양소를 복원하거나, 영양소를 강화시키는 식품첨가물"
FA0670,L-프롤린,영양강화제,"식품의 영양학적 품질을 유지하기 위해 제조공정 중 손실된 영양소를 복원하거나, 영양소를 강화시키는 식품첨가물"
FA0680,L-히스티딘,영양강화제,"식품의 영양학적 품질을 유지하기 위해 제조공정 중 손실된 영양소를 복원하거나, 영양소를 강화시키는 식품첨가물"
FA0690,L-히스티딘염산염,영양강화제,"식품의 영양학적 품질을 유지하기 위해 제조공정 중 손실된 영양소를 복원하거나, 영양소를 강화시키는 식품첨가물"
FA0700,N-메틸안트라닐산메틸,향료,식품에 특유한 향을 부여하거나 제조공정 중 손실된 식품 본래의 향을 보강시키는 식품첨가물
FA0710,α-글루코시다아제,효소제,특정한 생화학 반응의 촉매 작용을 하는 식품첨가물
FA0720,α-아밀라아제,효소제,특정한 생화학 반응의 촉매 작용을 하는 식품첨가물
FA0730,α-아밀신남알데히드,향료,식품에 특유한 향을 부여하거나 제조공정 중 손실된 식품 본래의 향을 보강시키는 식품첨가물
FA0740,α-아세토락테이트디카복실라아제,효소제,특정한 생화학 반응의 촉매 작용을 하는 식품첨가물
FA0750,α-이오논,향료,식품에 특유한 향을 부여하거나 제조공정 중 손실된 식품 본래의 향을 보강시키는 식품첨가물
FA0760,β-글루카나아제,효소제,특정한 생화학 반응의 촉매 작용을 하는 식품첨가물
FA0770,β-아밀라아제,효소제,특정한 생화학 반응의 촉매 작용을 하는 식품첨가물
FA0780,β-아포-8'-카로티날,착색료,식품에 색을 부여하거나 복원시키는 식품첨가물
FA0790,β-이오논,향료,식품에 특유한 향을 부여하거나 제조공정 중 손실된 식품 본래의 향을 보강시키는 식품첨가물
FA0800,β-카로틴,영양강화제,"식품의 영양학적 품질을 유지하기 위해 제조공정 중 손실된 영양소를 복원하거나, 영양소를 강화시키는 식품첨가물"
FA0801,β-카로틴,착색료,식품에 색을 부여하거나 복원시키는 식품첨가물
FA0810,γ-노나락톤,향료,식품에 특유한 향을 부여하거나 제조공정 중 손실된 식품 본래의 향을 보강시키는 식품첨가물
FA0820,γ-오리자놀,산화방지제,산화에 의한 식품의 품질저하를 방지하는 식품첨가물
FA0830,γ-운데카락톤,향료,식품에 특유한 향을 부여하거나 제조공정 중 손실된 식품 본래의 향을 보강시키는 식품첨가물
FA0840,ε-폴리리신,보존료,미생물에 의한 품질 저하를 방지하여 식품의 보존기간을 연장시키는 식품첨가물
FA0850,가교카복시메틸셀룰로스나트륨,피막제,식품의 표면에 광택을 내거나 보호막을 형성하는 식품첨가물
FA0860,가티검,안정제,두 가지 또는 그 이상의 성분을 일정한 분산 형태로 유지시키는 식품첨가물
FA0861,가티검,증점제,식품의 점도를 증가시키는 식품첨가물
FA0870,감색소,착색료,식품에 색을 부여하거나 복원시키는 식품첨가물
FA0880,감초추출물,감미료,식품에 단맛을 부여하는 식품첨가물
FA0890,개미산,향료,식품에 특유한 향을 부여하거나 제조공정 중 손실된 식품 본래의 향을 보강시키는 식품첨가물
FA0900,개미산게라닐,향료,식품에 특유한 향을 부여하거나 제조공정 중 손실된 식품 본래의 향을 보강시키는 식품첨가물
FA0910,개미산시트로넬릴,향료,식품에 특유한 향을 부여하거나 제조공정 중 손실된 식품 본래의 향을 보강시키는 식품첨가물
FA0920,개미산이소아밀,향료,식품에 특유한 향을 부여하거나 제조공정 중 손실된 식품 본래의 향을 보강시키는 식품첨가물
FA0930,검레진,껌기초제,적당한 점성과 탄력성을 갖는 비영양성의 씹는 물질로서 껌 제조의 기초 원료가 되는 식품첨가물
FA0940,게라니올,향료,식품에 특유한 향을 부여하거나 제조공정 중 손실된 식품 본래의 향을 보강시키는 식품첨가물
FA0950,결정셀룰로스,고결방지제,식품의 입자 등이 서로 부착되어 고형화되는 것을 감소시키는 식품첨가물
FA0951,결정셀룰로스,안정제,두 가지 또는 그 이상의 성분을 일정한 분산 형태로 유지시키는 식품첨가물
FA0952,결정셀룰로스,증점제,식품의 점도를 증가시키는 식품첨가물
FA0960,계피산,향료,식품에 특유한 향을 부여하거나 제조공정 중 손실된 식품 본래의 향을 보강시키는 식품첨가물
FA0970,계피산메틸,향료,식품에 특유한 향을 부여하거나 제조공정 중 손실된 식품 본래의 향을 보강시키는 식품첨가물
FA0980,계피산에틸,향료,식품에 특유한 향을 부여하거나 제조공정 중 손실된 식품 본래의 향을 보강시키는 식품첨가물
FA0990,계피알데히드,향료,식품에 특유한 향을 부여하거나 제조공정 중 손실된 식품 본래의 향을 보강시키는 식품첨가물
FA1000,계피알콜,향료,식품에 특유한 향을 부여하거나 제조공정 중 손실된 식품 본래의 향을 보강시키는 식품첨가물
FA1010,고량색소,착색료,식품에 색을 부여하거나 복원시키는 식품첨가물
FA1020,과산화벤조일(희석),밀가루개량제,밀가루나 반죽에 첨가되어 제빵 품질이나 색을 증진시키는 식품첨가물
FA1030,과산화수소,살균제,식품 표면의 미생물을 단시간 내에 사멸시키는 작용을 하는 식품첨가물
FA1031,과산화수소,제조용제,"식품의 제조·가공 시 촉매, 침전, 분해, 청징 등의 역할을 하는 보조제 식품첨가물"
FA1040,과산화초산,살균제,식품 표면의 미생물을 단시간 내에 사멸시키는 작용을 하는 식품첨가물
FA1050,과황산암모늄,밀가루개량제,밀가루나 반죽에 첨가되어 제빵 품질이나 색을 증진시키는 식품첨가물
FA1060,구아검,안정제,두 가지 또는 그 이상의 성분을 일정한 분산 형태로 유지시키는 식품첨가물
FA1061,구아검,증점제,식품의 점도를 증가시키는 식품첨가물
FA1070,구연산,산도조절제,식품의 산도 또는 알칼리도를 조절하는 식품첨가물
FA1080,구연산망간,영양강화제,"식품의 영양학적 품질을 유지하기 위해 제조공정 중 손실된 영양소를 복원하거나, 영양소를 강화시키는 식품첨가물"
FA1090,구연산삼나트륨,산도조절제,식품의 산도 또는 알칼리도를 조절하는 식품첨가물
FA1091,구연산삼나트륨,영양강화제,"식품의 영양학적 품질을 유지하기 위해 제조공정 중 손실된 영양소를 복원하거나, 영양소를 강화시키는 식품첨가물"
FA1100,구연산제일철나트륨,영양강화제,"식품의 영양학적 품질을 유지하기 위해 제조공정 중 손실된 영양소를 복원하거나, 영양소를 강화시키는 식품첨가물"
FA1110,구연산철,영양강화제,"식품의 영양학적 품질을 유지하기 위해 제조공정 중 손실된 영양소를 복원하거나, 영양소를 강화시키는 식품첨가물"
FA1120,구연산철암모늄,영양강화제,"식품의 영양학적 품질을 유지하기 위해 제조공정 중 손실된 영양소를 복원하거나, 영양소를 강화시키는 식품첨가물"
FA1130,구연산칼륨,산도조절제,식품의 산도 또는 알칼리도를 조절하는 식품첨가물
FA1131,구연산칼륨,영양강화제,"식품의 영양학적 품질을 유지하기 위해 제조공정 중 손실된 영양소를 복원하거나, 영양소를 강화시키는 식품첨가물"
FA1140,구연산칼슘,산도조절제,식품의 산도 또는 알칼리도를 조절하는 식품첨가물
FA1141,구연산칼슘,영양강화제,"식품의 영양학적 품질을 유지하기 위해 제조공정 중 손실된 영양소를 복원하거나, 영양소를 강화시키는 식품첨가물"
FA1150,국,효소제,특정한 생화학 반응의 촉매 작용을 하는 식품첨가물
FA1160,규산마그네슘,고결방지제,식품의 입자 등이 서로 부착되어 고형화되는 것을 감소시키는 식품첨가물
FA1161,규산마그네슘,여과보조제,불순물 또는 미세한 입자를 흡착하여 제거하기 위해 사용되는 식품첨가물
FA1170,규산칼슘,고결방지제,식품의 입자 등이 서로 부착되어 고형화되는 것을 감소시키는 식품첨가물
FA1171,규산칼슘,여과보조제,불순물 또는 미세한 입자를 흡착하여 제거하기 위해 사용되는 식품첨가물
FA1180,규소수지,거품제거제,식품의 거품 생성을 방지하거나 감소시키는 식품첨가물
FA1190,규조토,여과보조제,불순물 또는 미세한 입자를 흡착하여 제거하기 위해 사용되는 식품첨가물
FA1200,글루코노델타락톤,두부응고제,
FA1201,글루코노델타락톤,산도조절제,식품의 산도 또는 알칼리도를 조절하는 식품첨가물
FA1202,글루코노델타락톤,팽창제,가스를 방출하여 반죽의 부피를 증가시키는 식품첨가물
FA1210,글루코만난,안정제,두 가지 또는 그 이상의 성분을 일정한 분산 형태로 유지시키는 식품첨가물
FA1211,글루코만난,증점제,식품의 점도를 증가시키는 식품첨가물
FA1220,글루코사민,안정제,두 가지 또는 그 이상의 성분을 일정한 분산 형태로 유지시키는 식품첨가물
FA1221,글루코사민,증점제,식품의 점도를 증가시키는 식품첨가물
FA1230,글루코아밀라아제,효소제,특정한 생화학 반응의 촉매 작용을 하는 식품첨가물
FA1240,글루코오스산화효소,효소제,특정한 생화학 반응의 촉매 작용을 하는 식품첨가물
FA1250,글루코오스이성화효소,효소제,특정한 생화학 반응의 촉매 작용을 하는 식품첨가물
FA1260,글루콘산,산도조절제,식품의 산도 또는 알칼리도를 조절하는 식품첨가물
FA1270,글루콘산나트륨,산도조절제,식품의 산도 또는 알칼리도를 조절하는 식품첨가물
FA1271,글루콘산나트륨,영양강화제,"식품의 영양학적 품질을 유지하기 위해 제조공정 중 손실된 영양소를 복원하거나, 영양소를 강화시키는 식품첨가물"
FA1272,글루콘산나트륨,유화제,물과 기름 등 섞이지 않는 두 가지 또는 그 이상의 상(phases)을 균질하게 섞어주거나 유지시키는 식품첨가물
FA1280,글루콘산동,영양강화제,"식품의 영양학적 품질을 유지하기 위해 제조공정 중 손실된 영양소를 복원하거나, 영양소를 강화시키는 식품첨가물"
FA1290,글루콘산마그네슘,산도조절제,식품의 산도 또는 알칼리도를 조절하는 식품첨가물
FA1291,글루콘산마그네슘,영양강화제,"식품의 영양학적 품질을 유지하기 위해 제조공정 중 손실된 영양소를 복원하거나, 영양소를 강화시키는 식품첨가물"
FA1300,글루콘산망간,영양강화제,"식품의 영양학적 품질을 유지하기 위해 제조공정 중 손실된 영양소를 복원하거나, 영양소를 강화시키는 식품첨가물"
FA1310,글루콘산아연,영양강화제,"식품의 영양학적 품질을 유지하기 위해 제조공정 중 손실된 영양소를 복원하거나, 영양소를 강화시키는 식품첨가물"
FA1320,글루콘산철,산도조절제,식품의 산도 또는 알칼리도를 조절하는 식품첨가물
FA1321,글루콘산철,영양강화제,"식품의 영양학적 품질을 유지하기 위해 제조공정 중 손실된 영양소를 복원하거나, 영양소를 강화시키는 식품첨가물"
FA1330,글루콘산칼륨,산도조절제,식품의 산도 또는 알칼리도를 조절하는 식품첨가물
FA1331,글루콘산칼륨,영양강화제,"식품의 영양학적 품질을 유지하기 위해 제조공정 중 손실된 영양소를 복원하거나, 영양소를 강화시키는 식품첨가물"
FA1340,글루콘산칼슘,산도조절제,식품의 산도 또는 알칼리도를 조절하는 식품첨가물
FA1341,글루콘산칼슘,영양강화제,"식품의 영양학적 품질을 유지하기 위해 제조공정 중 손실된 영양소를 복원하거나, 영양소를 강화시키는 식품첨가물"
FA1350,글루타미나아제,효소제,특정한 생화학 반응의 촉매 작용을 하는 식품첨가물
FA1360,글리세로인산칼륨,영양강화제,"식품의 영양학적 품질을 유지하기 위해 제조공정 중 손실된 영양소를 복원하거나, 영양소를 강화시키는 식품첨가물"
FA1370,글리세로인산칼슘,영양강화제,"식품의 영양학적 품질을 유지하기 위해 제조공정 중 손실된 영양소를 복원하거나, 영양소를 강화시키는 식품첨가물"
FA1380,글리세린,습윤제,식품이 건조되는 것을 방지하는 식품첨가물
FA1381,글리세린,안정제,두 가지 또는 그 이상의 성분을 일정한 분산 형태로 유지시키는 식품첨가물
FA1390,글리세린지방산에스테르,껌기초제,적당한 점성과 탄력성을 갖는 비영양성의 씹는 물질로서 껌 제조의 기초 원료가 되는 식품첨가물
FA1391,글리세린지방산에스테르,유화제,물과 기름 등 섞이지 않는 두 가지 또는 그 이상의 상(phases)을 균질하게 섞어주거나 유지시키는 식품첨가물
FA1400,글리신,영양강화제,"식품의 영양학적 품질을 유지하기 위해 제조공정 중 손실된 영양소를 복원하거나, 영양소를 강화시키는 식품첨가물"
FA1401,글리신,향미증진제,식품의 맛 또는 향미를 증진시키는 식품첨가물
FA1410,글리실리진산이나트륨,감미료,식품에 단맛을 부여하는 식품첨가물
FA1420,금박,착색료,식품에 색을 부여하거나 복원시키는 식품첨가물
FA1430,김색소,착색료,식품에 색을 부여하거나 복원시키는 식품첨가물
FA1440,나린진,향미증진제,식품의 맛 또는 향미를 증진시키는 식품첨가물
FA1450,나타마이신,보존료,미생물에 의한 품질 저하를 방지하여 식품의 보존기간을 연장시키는 식품첨가물
FA1460,낙산,향료,식품에 특유한 향을 부여하거나 제조공정 중 손실된 식품 본래의 향을 보강시키는 식품첨가물
FA1470,낙산부틸,향료,식품에 특유한 향을 부여하거나 제조공정 중 손실된 식품 본래의 향을 보강시키는 식품첨가물
FA1480,낙산에틸,향료,식품에 특유한 향을 부여하거나 제조공정 중 손실된 식품 본래의 향을 보강시키는 식품첨가물
FA1490,낙산이소아밀,향료,식품에 특유한 향을 부여하거나 제조공정 중 손실된 식품 본래의 향을 보강시키는 식품첨가물
FA1500,네오탐,감미료,식품에 단맛을 부여하는 식품첨가물
FA1510,니신,보존료,미생물에 의한 품질 저하를 방지하여 식품의 보존기간을 연장시키는 식품첨가물
FA1520,니켈,제조용제,"식품의 제조·가공 시 촉매, 침전, 분해, 청징 등의 역할을 하는 보조제 식품첨가물"
FA1530,니코틴산,영양강화제,"식품의 영양학적 품질을 유지하기 위해 제조공정 중 손실된 영양소를 복원하거나, 영양소를 강화시키는 식품첨가물"
FA1540,니코틴산아미드,영양강화제,"식품의 영양학적 품질을 유지하기 위해 제조공정 중 손실된 영양소를 복원하거나, 영양소를 강화시키는 식품첨가물"
FA1550,담마검,안정제,두 가지 또는 그 이상의 성분을 일정한 분산 형태로 유지시키는 식품첨가물
FA1551,담마검,증점제,식품의 점도를 증가시키는 식품첨가물
FA1552,담마검,피막제,식품의 표면에 광택을 내거나 보호막을 형성하는 식품첨가물
FA1560,데칸산에틸,향료,식품에 특유한 향을 부여하거나 제조공정 중 손실된 식품 본래의 향을 보강시키는 식품첨가물
FA1570,데칸알,향료,식품에 특유한 향을 부여하거나 제조공정 중 손실된 식품 본래의 향을 보강시키는 식품첨가물
FA1580,데칸올,향료,식품에 특유한 향을 부여하거나 제조공정 중 손실된 식품 본래의 향을 보강시키는 식품첨가물
FA1590,데히드로초산나트륨,보존료,미생물에 의한 품질 저하를 방지하여 식품의 보존기간을 연장시키는 식품첨가물
FA1600,덱스트라나아제,효소제,특정한 생화학 반응의 촉매 작용을 하는 식품첨가물
FA1610,덱스트란,안정제,두 가지 또는 그 이상의 성분을 일정한 분산 형태로 유지시키는 식품첨가물
FA1611,덱스트란,증점제,식품의 점도를 증가시키는 식품첨가물
FA1620,동클로로필,착색료,식품에 색을 부여하거나 복원시키는 식품첨가물
FA1630,동클로로필린나트륨,착색료,식품에 색을 부여하거나 복원시키는 식품첨가물
FA1640,동클로로필린칼륨,착색료,식품에 색을 부여하거나 복원시키는 식품첨가물
FA1650,디벤조일티아민,영양강화제,"식품의 영양학적 품질을 유지하기 위해 제조공정 중 손실된 영양소를 복원하거나, 영양소를 강화시키는 식품첨가물"
FA1660,디벤조일티아민염산염,영양강화제,"식품의 영양학적 품질을 유지하기 위해 제조공정 중 손실된 영양소를 복원하거나, 영양소를 강화시키는 식품첨가물"
FA1670,디부틸히드록시톨루엔,산화방지제,산화에 의한 식품의 품질저하를 방지하는 식품첨가물
FA1680,디아스타아제,효소제,특정한 생화학 반응의 촉매 작용을 하는 식품첨가물
FA1690,라우린산,거품제거제,식품의 거품 생성을 방지하거나 감소시키는 식품첨가물
FA1691,라우린산,제조용제,"식품의 제조·가공 시 촉매, 침전, 분해, 청징 등의 역할을 하는 보조제 식품첨가물"
FA1710,라우릴황산나트륨,유화제,물과 기름 등 섞이지 않는 두 가지 또는 그 이상의 상(phases)을 균질하게 섞어주거나 유지시키는 식품첨가물
FA1720,락색소,착색료,식품에 색을 부여하거나 복원시키는 식품첨가물
FA1730,락타아제,효소제,특정한 생화학 반응의 촉매 작용을 하는 식품첨가물
FA1740,락토페린농축물,영양강화제,"식품의 영양학적 품질을 유지하기 위해 제조공정 중 손실된 영양소를 복원하거나, 영양소를 강화시키는 식품첨가물"
FA1750,락티톨,감미료,식품에 단맛을 부여하는 식품첨가물
FA1751,락티톨,습윤제,식품이 건조되는 것을 방지하는 식품첨가물
FA1760,레시틴,유화제,물과 기름 등 섞이지 않는 두 가지 또는 그 이상의 상(phases)을 균질하게 섞어주거나 유지시키는 식품첨가물
FA1770,로진,껌기초제,적당한 점성과 탄력성을 갖는 비영양성의 씹는 물질로서 껌 제조의 기초 원료가 되는 식품첨가물
FA1780,로커스트콩검,안정제,두 가지 또는 그 이상의 성분을 일정한 분산 형태로 유지시키는 식품첨가물
FA1781,로커스트콩검,증점제,식품의 점도를 증가시키는 식품첨가물
FA1790,루틴,산화방지제,산화에 의한 식품의 품질저하를 방지하는 식품첨가물
FA1791,루틴,착색료,식품에 색을 부여하거나 복원시키는 식품첨가물
FA1800,리나롤,향료,식품에 특유한 향을 부여하거나 제조공정 중 손실된 식품 본래의 향을 보강시키는 식품첨가물
FA1810,리소짐,효소제,특정한 생화학 반응의 촉매 작용을 하는 식품첨가물
FA1820,리파아제,효소제,특정한 생화학 반응의 촉매 작용을 하는 식품첨가물
FA1830,마리골드색소,착색료,식품에 색을 부여하거나 복원시키는 식품첨가물
FA1840,만니톨,감미료,식품에 단맛을 부여하는 식품첨가물
FA1841,만니톨,습윤제,식품이 건조되는 것을 방지하는 식품첨가물
FA1850,말토게닉아밀라아제,효소제,특정한 생화학 반응의 촉매 작용을 하는 식품첨가물
FA1860,말토트리오히드로라아제,효소제,특정한 생화학 반응의 촉매 작용을 하는 식품첨가물
FA1870,말톨,향료,식품에 특유한 향을 부여하거나 제조공정 중 손실된 식품 본래의 향을 보강시키는 식품첨가물
FA1880,말티톨시럽,감미료,식품에 단맛을 부여하는 식품첨가물
FA1881,말티톨시럽,습윤제,식품이 건조되는 것을 방지하는 식품첨가물
FA1890,메타규산나트륨,여과보조제,불순물 또는 미세한 입자를 흡착하여 제거하기 위해 사용되는 식품첨가물
FA1900,메타인산나트륨,산도조절제,식품의 산도 또는 알칼리도를 조절하는 식품첨가물
FA1901,메타인산나트륨,팽창제,가스를 방출하여 반죽의 부피를 증가시키는 식품첨가물
FA1910,메타인산칼륨,산도조절제,식품의 산도 또는 알칼리도를 조절하는 식품첨가물
FA1911,메타인산칼륨,팽창제,가스를 방출하여 반죽의 부피를 증가시키는 식품첨가물
FA1920,메타중아황산나트륨,보존료,미생물에 의한 품질 저하를 방지하여 식품의 보존기간을 연장시키는 식품첨가물
FA1921,메타중아황산나트륨,산화방지제,산화에 의한 식품의 품질저하를 방지하는 식품첨가물
FA1922,메타중아황산나트륨,표백제,식품의 색을 제거하기 위해 사용되는 식품첨가물
FA1930,메타중아황산칼륨,보존료,미생물에 의한 품질 저하를 방지하여 식품의 보존기간을 연장시키는 식품첨가물
FA1931,메타중아황산칼륨,산화방지제,산화에 의한 식품의 품질저하를 방지하는 식품첨가물
FA1932,메타중아황산칼륨,표백제,식품의 색을 제거하기 위해 사용되는 식품첨가물
FA1940,메톡사이드나트륨,제조용제,"식품의 제조·가공 시 촉매, 침전, 분해, 청징 등의 역할을 하는 보조제 식품첨가물"
FA1950,메틸β-나프틸케톤,향료,식품에 특유한 향을 부여하거나 제조공정 중 손실된 식품 본래의 향을 보강시키는 식품첨가물
FA1960,메틸셀룰로스,안정제,두 가지 또는 그 이상의 성분을 일정한 분산 형태로 유지시키는 식품첨가물
FA1961,메틸셀룰로스,증점제,식품의 점도를 증가시키는 식품첨가물
FA1970,메틸알콜,추출용제,유용한 성분 등을 추출하거나 용해시키는 식품첨가물
FA1980,메틸에틸셀룰로스,안정제,두 가지 또는 그 이상의 성분을 일정한 분산 형태로 유지시키는 식품첨가물
FA1981,메틸에틸셀룰로스,증점제,식품의 점도를 증가시키는 식품첨가물
FA1990,메틸테트라히드로엽산글루코사민,영양강화제,"식품의 영양학적 품질을 유지하기 위해 제조공정 중 손실된 영양소를 복원하거나, 영양소를 강화시키는 식품첨가물"
FA2000,몰리브덴산나트륨,영양강화제,"식품의 영양학적 품질을 유지하기 위해 제조공정 중 손실된 영양소를 복원하거나, 영양소를 강화시키는 식품첨가물"
FA2010,몰리브덴산암모늄,영양강화제,"식품의 영양학적 품질을 유지하기 위해 제조공정 중 손실된 영양소를 복원하거나, 영양소를 강화시키는 식품첨가물"
FA2020,몰식자산,산화방지제,산화에 의한 식품의 품질저하를 방지하는 식품첨가물
FA2030,몰식자산프로필,산화방지제,산화에 의한 식품의 품질저하를 방지하는 식품첨가물
FA2040,몰포린지방산염,피막제,식품의 표면에 광택을 내거나 보호막을 형성하는 식품첨가물
FA2050,무궁화색소,착색료,식품에 색을 부여하거나 복원시키는 식품첨가물
FA2060,무수아황산,보존료,미생물에 의한 품질 저하를 방지하여 식품의 보존기간을 연장시키는 식품첨가물
FA2061,무수아황산,산화방지제,산화에 의한 식품의 품질저하를 방지하는 식품첨가물
FA2062,무수아황산,표백제,식품의 색을 제거하기 위해 사용되는 식품첨가물
FA2070,뮤신,영양강화제,"식품의 영양학적 품질을 유지하기 위해 제조공정 중 손실된 영양소를 복원하거나, 영양소를 강화시키는 식품첨가물"
FA2080,미리스트산,거품제거제,식품의 거품 생성을 방지하거나 감소시키는 식품첨가물
FA2081,미리스트산,제조용제,"식품의 제조·가공 시 촉매, 침전, 분해, 청징 등의 역할을 하는 보조제 식품첨가물"
FA2090,미세섬유상셀룰로스,안정제,두 가지 또는 그 이상의 성분을 일정한 분산 형태로 유지시키는 식품첨가물
FA2091,미세섬유상셀룰로스,증점제,식품의 점도를 증가시키는 식품첨가물
FA2100,밀납,피막제,식품의 표면에 광택을 내거나 보호막을 형성하는 식품첨가물
FA2110,바닐린,향료,식품에 특유한 향을 부여하거나 제조공정 중 손실된 식품 본래의 향을 보강시키는 식품첨가물
FA2120,백도토,여과보조제,불순물 또는 미세한 입자를 흡착하여 제거하기 위해 사용되는 식품첨가물
FA2130,베리류색소,착색료,식품에 색을 부여하거나 복원시키는 식품첨가물
FA2140,베타글리코시다아제,효소제,특정한 생화학 반응의 촉매 작용을 하는 식품첨가물
FA2150,베타인,향미증진제,식품의 맛 또는 향미를 증진시키는 식품첨가물
FA2160,벤즈알데히드,향료,식품에 특유한 향을 부여하거나 제조공정 중 손실된 식품 본래의 향을 보강시키는 식품첨가물
FA2170,벤질알콜,향료,식품에 특유한 향을 부여하거나 제조공정 중 손실된 식품 본래의 향을 보강시키는 식품첨가물
FA2180,벤토나이트,여과보조제,불순물 또는 미세한 입자를 흡착하여 제거하기 위해 사용되는 식품첨가물
FA2190,변성전분,안정제,두 가지 또는 그 이상의 성분을 일정한 분산 형태로 유지시키는 식품첨가물
FA2191,변성전분,증점제,식품의 점도를 증가시키는 식품첨가물
FA2200,변성호프추출물,향미증진제,식품의 맛 또는 향미를 증진시키는 식품첨가물
FA2210,봉선화추출물,산화방지제,산화에 의한 식품의 품질저하를 방지하는 식품첨가물
FA2220,부탄,추출용제,유용한 성분 등을 추출하거나 용해시키는 식품첨가물
FA2230,부틸히드록시아니솔,산화방지제,산화에 의한 식품의 품질저하를 방지하는 식품첨가물
FA2240,분말비타민A,영양강화제,"식품의 영양학적 품질을 유지하기 위해 제조공정 중 손실된 영양소를 복원하거나, 영양소를 강화시키는 식품첨가물"
FA2250,분말셀룰로스,고결방지제,식품의 입자 등이 서로 부착되어 고형화되는 것을 감소시키는 식품첨가물
FA2251,분말셀룰로스,안정제,두 가지 또는 그 이상의 성분을 일정한 분산 형태로 유지시키는 식품첨가물
FA2252,분말셀룰로스,증점제,식품의 점도를 증가시키는 식품첨가물
FA2260,분지글리코실트랜스퍼라아제,효소제,특정한 생화학 반응의 촉매 작용을 하는 식품첨가물
FA2270,불화나트륨,영양강화제,"식품의 영양학적 품질을 유지하기 위해 제조공정 중 손실된 영양소를 복원하거나, 영양소를 강화시키는 식품첨가물"
FA2280,비오틴,영양강화제,"식품의 영양학적 품질을 유지하기 위해 제조공정 중 손실된 영양소를 복원하거나, 영양소를 강화시키는 식품첨가물"
FA2290,비타민B12,영양강화제,"식품의 영양학적 품질을 유지하기 위해 제조공정 중 손실된 영양소를 복원하거나, 영양소를 강화시키는 식품첨가물"
FA2300,"비타민B1나프탈린-1,5-디설폰산염",영양강화제,"식품의 영양학적 품질을 유지하기 위해 제조공정 중 손실된 영양소를 복원하거나, 영양소를 강화시키는 식품첨가물"
FA2310,비타민B1라우릴황산염,영양강화제,"식품의 영양학적 품질을 유지하기 위해 제조공정 중 손실된 영양소를 복원하거나, 영양소를 강화시키는 식품첨가물"
FA2320,비타민B1로단산염,영양강화제,"식품의 영양학적 품질을 유지하기 위해 제조공정 중 손실된 영양소를 복원하거나, 영양소를 강화시키는 식품첨가물"
FA2330,비타민B1염산염,영양강화제,"식품의 영양학적 품질을 유지하기 위해 제조공정 중 손실된 영양소를 복원하거나, 영양소를 강화시키는 식품첨가물"
FA2340,비타민B1질산염,영양강화제,"식품의 영양학적 품질을 유지하기 위해 제조공정 중 손실된 영양소를 복원하거나, 영양소를 강화시키는 식품첨가물"
FA2350,비타민B2,영양강화제,"식품의 영양학적 품질을 유지하기 위해 제조공정 중 손실된 영양소를 복원하거나, 영양소를 강화시키는 식품첨가물"
FA2360,비타민B2인산에스테르나트륨,영양강화제,"식품의 영양학적 품질을 유지하기 위해 제조공정 중 손실된 영양소를 복원하거나, 영양소를 강화시키는 식품첨가물"
FA2370,비타민B6염산염,영양강화제,"식품의 영양학적 품질을 유지하기 위해 제조공정 중 손실된 영양소를 복원하거나, 영양소를 강화시키는 식품첨가물"
FA2380,비타민C,산화방지제,산화에 의한 식품의 품질저하를 방지하는 식품첨가물
FA2381,비타민C,영양강화제,"식품의 영양학적 품질을 유지하기 위해 제조공정 중 손실된 영양소를 복원하거나, 영양소를 강화시키는 식품첨가물"
FA2390,비타민D2,영양강화제,"식품의 영양학적 품질을 유지하기 위해 제조공정 중 손실된 영양소를 복원하거나, 영양소를 강화시키는 식품첨가물"
FA2400,비타민D3,영양강화제,"식품의 영양학적 품질을 유지하기 위해 제조공정 중 손실된 영양소를 복원하거나, 영양소를 강화시키는 식품첨가물"
FA2410,비타민E,산화방지제,산화에 의한 식품의 품질저하를 방지하는 식품첨가물
FA2411,비타민E,영양강화제,"식품의 영양학적 품질을 유지하기 위해 제조공정 중 손실된 영양소를 복원하거나, 영양소를 강화시키는 식품첨가물"
FA2420,비타민K1,영양강화제,"식품의 영양학적 품질을 유지하기 위해 제조공정 중 손실된 영양소를 복원하거나, 영양소를 강화시키는 식품첨가물"
FA2430,비트레드,착색료,식품에 색을 부여하거나 복원시키는 식품첨가물
FA2440,빙초산,산도조절제,식품의 산도 또는 알칼리도를 조절하는 식품첨가물
FA2450,사일리움씨드검,안정제,두 가지 또는 그 이상의 성분을 일정한 분산 형태로 유지시키는 식품첨가물
FA2451,사일리움씨드검,증점제,식품의 점도를 증가시키는 식품첨가물
FA2460,사카린나트륨,감미료,식품에 단맛을 부여하는 식품첨가물
FA2470,사프란색소,착색료,식품에 색을 부여하거나 복원시키는 식품첨가물
FA2480,산성백토,여과보조제,불순물 또는 미세한 입자를 흡착하여 제거하기 위해 사용되는 식품첨가물
FA2490,산성아황산나트륨,보존료,미생물에 의한 품질 저하를 방지하여 식품의 보존기간을 연장시키는 식품첨가물
FA2491,산성아황산나트륨,산화방지제,산화에 의한 식품의 품질저하를 방지하는 식품첨가물
FA2492,산성아황산나트륨,표백제,식품의 색을 제거하기 위해 사용되는 식품첨가물
FA2500,산성알루미늄인산나트륨,산도조절제,식품의 산도 또는 알칼리도를 조절하는 식품첨가물
FA2501,산성알루미늄인산나트륨,팽창제,가스를 방출하여 반죽의 부피를 증가시키는 식품첨가물
FA2510,산성피로인산나트륨,산도조절제,식품의 산도 또는 알칼리도를 조절하는 식품첨가물
FA2511,산성피로인산나트륨,팽창제,가스를 방출하여 반죽의 부피를 증가시키는 식품첨가물
FA2520,산성피로인산칼슘,산도조절제,식품의 산도 또는 알칼리도를 조절하는 식품첨가물
FA2521,산성피로인산칼슘,팽창제,가스를 방출하여 반죽의 부피를 증가시키는 식품첨가물
FA2530,산소,분사제,용기에서 식품을 방출시키는 가스 식품첨가물
FA2531,산소,제조용제,"식품의 제조·가공 시 촉매, 침전, 분해, 청징 등의 역할을 하는 보조제 식품첨가물"
FA2532,산소,충전제,산화나 부패로부터 식품을 보호하기 위해 식품의 제조 시 포장 용기에 의도적으로 주입시키는 가스 식품첨가물
FA2540,산화마그네슘,영양강화제,"식품의 영양학적 품질을 유지하기 위해 제조공정 중 손실된 영양소를 복원하거나, 영양소를 강화시키는 식품첨가물"
FA2550,산화아연,영양강화제,"식품의 영양학적 품질을 유지하기 위해 제조공정 중 손실된 영양소를 복원하거나, 영양소를 강화시키는 식품첨가물"
FA2560,산화칼슘,산도조절제,식품의 산도 또는 알칼리도를 조절하는 식품첨가물
FA2561,산화칼슘,영양강화제,"식품의 영양학적 품질을 유지하기 위해 제조공정 중 손실된 영양소를 복원하거나, 영양소를 강화시키는 식품첨가물"
FA2570,살리실산메틸,향료,식품에 특유한 향을 부여하거나 제조공정 중 손실된 식품 본래의 향을 보강시키는 식품첨가물
FA2580,삼이산화철,착색료,식품에 색을 부여하거나 복원시키는 식품첨가물
FA2590,석유왁스,껌기초제,적당한 점성과 탄력성을 갖는 비영양성의 씹는 물질로서 껌 제조의 기초 원료가 되는 식품첨가물
FA2591,석유왁스,피막제,식품의 표면에 광택을 내거나 보호막을 형성하는 식품첨가물
FA2600,세스퀴탄산나트륨,산도조절제,식품의 산도 또는 알칼리도를 조절하는 식품첨가물
FA2601,세스퀴탄산나트륨,팽창제,가스를 방출하여 반죽의 부피를 증가시키는 식품첨가물
FA2610,셀렌산나트륨,영양강화제,"식품의 영양학적 품질을 유지하기 위해 제조공정 중 손실된 영양소를 복원하거나, 영양소를 강화시키는 식품첨가물"
FA2620,셀룰라아제,효소제,특정한 생화학 반응의 촉매 작용을 하는 식품첨가물
FA2630,소르비탄지방산에스테르,껌기초제,적당한 점성과 탄력성을 갖는 비영양성의 씹는 물질로서 껌 제조의 기초 원료가 되는 식품첨가물
FA2631,소르비탄지방산에스테르,유화제,물과 기름 등 섞이지 않는 두 가지 또는 그 이상의 상(phases)을 균질하게 섞어주거나 유지시키는 식품첨가물
FA2640,소브산,보존료,미생물에 의한 품질 저하를 방지하여 식품의 보존기간을 연장시키는 식품첨가물
FA2650,소브산칼륨,보존료,미생물에 의한 품질 저하를 방지하여 식품의 보존기간을 연장시키는 식품첨가물
FA2660,소브산칼슘,보존료,미생물에 의한 품질 저하를 방지하여 식품의 보존기간을 연장시키는 식품첨가물
FA2670,수산,제조용제,"식품의 제조·가공 시 촉매, 침전, 분해, 청징 등의 역할을 하는 보조제 식품첨가물"
FA2680,수산화나트륨,산도조절제,식품의 산도 또는 알칼리도를 조절하는 식품첨가물
FA2681,수산화나트륨,제조용제,"식품의 제조·가공 시 촉매, 침전, 분해, 청징 등의 역할을 하는 보조제 식품첨가물"
FA2690,수산화나트륨액,산도조절제,식품의 산도 또는 알칼리도를 조절하는 식품첨가물
FA2691,수산화나트륨액,제조용제,"식품의 제조·가공 시 촉매, 침전, 분해, 청징 등의 역할을 하는 보조제 식품첨가물"
FA2700,수산화마그네슘,산도조절제,식품의 산도 또는 알칼리도를 조절하는 식품첨가물
FA2701,수산화마그네슘,영양강화제,"식품의 영양학적 품질을 유지하기 위해 제조공정 중 손실된 영양소를 복원하거나, 영양소를 강화시키는 식품첨가물"
FA2710,수산화암모늄,산도조절제,식품의 산도 또는 알칼리도를 조절하는 식품첨가물
FA2720,수산화칼륨,산도조절제,식품의 산도 또는 알칼리도를 조절하는 식품첨가물
FA2730,수산화칼슘,산도조절제,식품의 산도 또는 알칼리도를 조절하는 식품첨가물
FA2731,수산화칼슘,영양강화제,"식품의 영양학적 품질을 유지하기 위해 제조공정 중 손실된 영양소를 복원하거나, 영양소를 강화시키는 식품첨가물"
FA2740,수소,제조용제,"식품의 제조·가공 시 촉매, 침전, 분해, 청징 등의 역할을 하는 보조제 식품첨가물"
FA2741,수소,충전제,산화나 부패로부터 식품을 보호하기 위해 식품의 제조 시 포장 용기에 의도적으로 주입시키는 가스 식품첨가물
FA2750,수용성안나토,착색료,식품에 색을 부여하거나 복원시키는 식품첨가물
FA2760,수크랄로스,감미료,식품에 단맛을 부여하는 식품첨가물
FA2770,쉘락,피막제,식품의 표면에 광택을 내거나 보호막을 형성하는 식품첨가물
FA2780,스모크향,향료,식품에 특유한 향을 부여하거나 제조공정 중 손실된 식품 본래의 향을 보강시키는 식품첨가물
FA2790,스테비올배당체,감미료,식품에 단맛을 부여하는 식품첨가물
FA2800,스테아린산,제조용제,"식품의 제조·가공 시 촉매, 침전, 분해, 청징 등의 역할을 하는 보조제 식품첨가물"
FA2810,스테아린산마그네슘,영양강화제,"식품의 영양학적 품질을 유지하기 위해 제조공정 중 손실된 영양소를 복원하거나, 영양소를 강화시키는 식품첨가물"
FA2811,스테아린산마그네슘,유화제,물과 기름 등 섞이지 않는 두 가지 또는 그 이상의 상(phases)을 균질하게 섞어주거나 유지시키는 식품첨가물
FA2820,스테아린산칼슘,영양강화제,"식품의 영양학적 품질을 유지하기 위해 제조공정 중 손실된 영양소를 복원하거나, 영양소를 강화시키는 식품첨가물"
FA2821,스테아린산칼슘,유화제,물과 기름 등 섞이지 않는 두 가지 또는 그 이상의 상(phases)을 균질하게 섞어주거나 유지시키는 식품첨가물
FA2830,스테아릴젖산나트륨,유화제,물과 기름 등 섞이지 않는 두 가지 또는 그 이상의 상(phases)을 균질하게 섞어주거나 유지시키는 식품첨가물
FA2840,스테아릴젖산칼슘,유화제,물과 기름 등 섞이지 않는 두 가지 또는 그 이상의 상(phases)을 균질하게 섞어주거나 유지시키는 식품첨가물
FA2850,스피룰리나색소,착색료,식품에 색을 부여하거나 복원시키는 식품첨가물
FA2860,시아너트색소,착색료,식품에 색을 부여하거나 복원시키는 식품첨가물
FA2870,시클로덱스트린,안정제,두 가지 또는 그 이상의 성분을 일정한 분산 형태로 유지시키는 식품첨가물
FA2880,시클로덱스트린시럽,안정제,두 가지 또는 그 이상의 성분을 일정한 분산 형태로 유지시키는 식품첨가물
FA2890,시클로헥산프로피온산알릴,향료,식품에 특유한 향을 부여하거나 제조공정 중 손실된 식품 본래의 향을 보강시키는 식품첨가물
FA2900,시트랄,향료,식품에 특유한 향을 부여하거나 제조공정 중 손실된 식품 본래의 향을 보강시키는 식품첨가물
FA2910,시트로넬랄,향료,식품에 특유한 향을 부여하거나 제조공정 중 손실된 식품 본래의 향을 보강시키는 식품첨가물
FA2920,시트로넬롤,향료,식품에 특유한 향을 부여하거나 제조공정 중 손실된 식품 본래의 향을 보강시키는 식품첨가물
FA2930,식용색소녹색제3호,착색료,식품에 색을 부여하거나 복원시키는 식품첨가물
FA2940,식용색소녹색제3호알루미늄레이크,착색료,식품에 색을 부여하거나 복원시키는 식품첨가물
FA2950,식용색소적색제102호,착색료,식품에 색을 부여하거나 복원시키는 식품첨가물
FA2960,식용색소적색제2호,착색료,식품에 색을 부여하거나 복원시키는 식품첨가물
FA2970,식용색소적색제2호알루미늄레이크,착색료,식품에 색을 부여하거나 복원시키는 식품첨가물
FA2980,식용색소적색제3호,착색료,식품에 색을 부여하거나 복원시키는 식품첨가물
FA2990,식용색소적색제40호,착색료,식품에 색을 부여하거나 복원시키는 식품첨가물
FA3000,식용색소적색제40호알루미늄레이크,착색료,식품에 색을 부여하거나 복원시키는 식품첨가물
FA3010,식용색소청색제1호,착색료,식품에 색을 부여하거나 복원시키는 식품첨가물
FA3020,식용색소청색제1호알루미늄레이크,착색료,식품에 색을 부여하거나 복원시키는 식품첨가물
FA3030,식용색소청색제2호,착색료,식품에 색을 부여하거나 복원시키는 식품첨가물
FA3040,식용색소청색제2호알루미늄레이크,착색료,식품에 색을 부여하거나 복원시키는 식품첨가물
FA3050,식용색소황색제4호,착색료,식품에 색을 부여하거나 복원시키는 식품첨가물
FA3060,식용색소황색제4호알루미늄레이크,착색료,식품에 색을 부여하거나 복원시키는 식품첨가물
FA3070,식용색소황색제5호,착색료,식품에 색을 부여하거나 복원시키는 식품첨가물
FA3080,식용색소황색제5호알루미늄레이크,착색료,식품에 색을 부여하거나 복원시키는 식품첨가물
FA3090,실리코알루민산나트륨,고결방지제,식품의 입자 등이 서로 부착되어 고형화되는 것을 감소시키는 식품첨가물
FA3100,심황색소,착색료,식품에 색을 부여하거나 복원시키는 식품첨가물
FA3110,쌀겨왁스,피막제,식품의 표면에 광택을 내거나 보호막을 형성하는 식품첨가물
FA3120,아니스알데히드,향료,식품에 특유한 향을 부여하거나 제조공정 중 손실된 식품 본래의 향을 보강시키는 식품첨가물
FA3130,아디프산,산도조절제,식품의 산도 또는 알칼리도를 조절하는 식품첨가물
FA3131,아디프산,팽창제,가스를 방출하여 반죽의 부피를 증가시키는 식품첨가물
FA3140,아라비노갈락탄,안정제,두 가지 또는 그 이상의 성분을 일정한 분산 형태로 유지시키는 식품첨가물
FA3141,아라비노갈락탄,증점제,식품의 점도를 증가시키는 식품첨가물
FA3150,아라비아검,안정제,두 가지 또는 그 이상의 성분을 일정한 분산 형태로 유지시키는 식품첨가물
FA3151,아라비아검,증점제,식품의 점도를 증가시키는 식품첨가물
FA3160,아미드펙틴,증점제,식품의 점도를 증가시키는 식품첨가물
FA3170,아산화질소,분사제,용기에서 식품을 방출시키는 가스 식품첨가물
FA3171,아산화질소,충전제,산화나 부패로부터 식품을 보호하기 위해 식품의 제조 시 포장 용기에 의도적으로 주입시키는 가스 식품첨가물
FA3180,아세설팜칼륨,감미료,식품에 단맛을 부여하는 식품첨가물
FA3190,아세토초산에틸,향료,식품에 특유한 향을 부여하거나 제조공정 중 손실된 식품 본래의 향을 보강시키는 식품첨가물
FA3200,아세토페논,향료,식품에 특유한 향을 부여하거나 제조공정 중 손실된 식품 본래의 향을 보강시키는 식품첨가물
FA3210,아세톤,추출용제,유용한 성분 등을 추출하거나 용해시키는 식품첨가물
FA3220,아셀렌산나트륨,영양강화제,"식품의 영양학적 품질을 유지하기 위해 제조공정 중 손실된 영양소를 복원하거나, 영양소를 강화시키는 식품첨가물"
FA3230,아스파라지나아제,효소제,특정한 생화학 반응의 촉매 작용을 하는 식품첨가물
FA3240,아스파탐,감미료,식품에 단맛을 부여하는 식품첨가물
FA3250,아조디카르본아미드,밀가루개량제,밀가루나 반죽에 첨가되어 제빵 품질이나 색을 증진시키는 식품첨가물
FA3260,아질산나트륨,발색제,"식품의 색을 안정화시키거나, 유지 또는 강화시키는 식품첨가물"
FA3261,아질산나트륨,보존료,미생물에 의한 품질 저하를 방지하여 식품의 보존기간을 연장시키는 식품첨가물
FA3270,아황산나트륨,보존료,미생물에 의한 품질 저하를 방지하여 식품의 보존기간을 연장시키는 식품첨가물
FA3271,아황산나트륨,산화방지제,산화에 의한 식품의 품질저하를 방지하는 식품첨가물
FA3272,아황산나트륨,표백제,식품의 색을 제거하기 위해 사용되는 식품첨가물
FA3280,안나토색소,착색료,식품에 색을 부여하거나 복원시키는 식품첨가물
FA3290,안식향산,보존료,미생물에 의한 품질 저하를 방지하여 식품의 보존기간을 연장시키는 식품첨가물
FA3300,안식향산나트륨,보존료,미생물에 의한 품질 저하를 방지하여 식품의 보존기간을 연장시키는 식품첨가물
FA3310,안식향산칼륨,보존료,미생물에 의한 품질 저하를 방지하여 식품의 보존기간을 연장시키는 식품첨가물
FA3320,안식향산칼슘,보존료,미생물에 의한 품질 저하를 방지하여 식품의 보존기간을 연장시키는 식품첨가물
FA3330,안트라닐산메틸,향료,식품에 특유한 향을 부여하거나 제조공정 중 손실된 식품 본래의 향을 보강시키는 식품첨가물
FA3340,알긴산,안정제,두 가지 또는 그 이상의 성분을 일정한 분산 형태로 유지시키는 식품첨가물
FA3341,알긴산,유화제,물과 기름 등 섞이지 않는 두 가지 또는 그 이상의 상(phases)을 균질하게 섞어주거나 유지시키는 식품첨가물
FA3342,알긴산,증점제,식품의 점도를 증가시키는 식품첨가물
FA3350,알긴산나트륨,안정제,두 가지 또는 그 이상의 성분을 일정한 분산 형태로 유지시키는 식품첨가물
FA3351,알긴산나트륨,유화제,물과 기름 등 섞이지 않는 두 가지 또는 그 이상의 상(phases)을 균질하게 섞어주거나 유지시키는 식품첨가물
FA3352,알긴산나트륨,증점제,식품의 점도를 증가시키는 식품첨가물
FA3360,알긴산암모늄,안정제,두 가지 또는 그 이상의 성분을 일정한 분산 형태로 유지시키는 식품첨가물
FA3361,알긴산암모늄,유화제,물과 기름 등 섞이지 않는 두 가지 또는 그 이상의 상(phases)을 균질하게 섞어주거나 유지시키는 식품첨가물
FA3362,알긴산암모늄,증점제,식품의 점도를 증가시키는 식품첨가물
FA3370,알긴산칼륨,안정제,두 가지 또는 그 이상의 성분을 일정한 분산 형태로 유지시키는 식품첨가물
FA3371,알긴산칼륨,유화제,물과 기름 등 섞이지 않는 두 가지 또는 그 이상의 상(phases)을 균질하게 섞어주거나 유지시키는 식품첨가물
FA3372,알긴산칼륨,증점제,식품의 점도를 증가시키는 식품첨가물
FA3380,알긴산칼슘,안정제,두 가지 또는 그 이상의 성분을 일정한 분산 형태로 유지시키는 식품첨가물
FA3381,알긴산칼슘,유화제,물과 기름 등 섞이지 않는 두 가지 또는 그 이상의 상(phases)을 균질하게 섞어주거나 유지시키는 식품첨가물
FA3382,알긴산칼슘,증점제,식품의 점도를 증가시키는 식품첨가물
FA3390,알긴산프로필렌글리콜,안정제,두 가지 또는 그 이상의 성분을 일정한 분산 형태로 유지시키는 식품첨가물
FA3391,알긴산프로필렌글리콜,유화제,물과 기름 등 섞이지 않는 두 가지 또는 그 이상의 상(phases)을 균질하게 섞어주거나 유지시키는 식품첨가물
FA3392,알긴산프로필렌글리콜,증점제,식품의 점도를 증가시키는 식품첨가물
FA3400,알파갈락토시다아제,효소제,특정한 생화학 반응의 촉매 작용을 하는 식품첨가물
FA3410,알팔파추출색소,착색료,식품에 색을 부여하거나 복원시키는 식품첨가물
FA3420,암모늄포스파타이드,유화제,물과 기름 등 섞이지 않는 두 가지 또는 그 이상의 상(phases)을 균질하게 섞어주거나 유지시키는 식품첨가물
FA3430,암모니아,산도조절제,식품의 산도 또는 알칼리도를 조절하는 식품첨가물
FA3431,암모니아,제조용제,"식품의 제조·가공 시 촉매, 침전, 분해, 청징 등의 역할을 하는 보조제 식품첨가물"
FA3440,양파색소,착색료,식품에 색을 부여하거나 복원시키는 식품첨가물
FA3450,에리스리톨,감미료,식품에 단맛을 부여하는 식품첨가물
FA3451,에리스리톨,습윤제,식품이 건조되는 것을 방지하는 식품첨가물
FA3452,에리스리톨,향미증진제,식품의 맛 또는 향미를 증진시키는 식품첨가물
FA3460,에리토브산,산화방지제,산화에 의한 식품의 품질저하를 방지하는 식품첨가물
FA3470,에리토브산나트륨,산화방지제,산화에 의한 식품의 품질저하를 방지하는 식품첨가물
FA3480,에스테르검,껌기초제,적당한 점성과 탄력성을 갖는 비영양성의 씹는 물질로서 껌 제조의 기초 원료가 되는 식품첨가물
FA3481,에스테르검,안정제,두 가지 또는 그 이상의 성분을 일정한 분산 형태로 유지시키는 식품첨가물
FA3490,에틸바닐린,향료,식품에 특유한 향을 부여하거나 제조공정 중 손실된 식품 본래의 향을 보강시키는 식품첨가물
FA3500,에틸셀룰로스,안정제,두 가지 또는 그 이상의 성분을 일정한 분산 형태로 유지시키는 식품첨가물
FA3501,에틸셀룰로스,증점제,식품의 점도를 증가시키는 식품첨가물
FA3510,엑소말토테트라히드로라아제,효소제,특정한 생화학 반응의 촉매 작용을 하는 식품첨가물
FA3520,염기성알루미늄인산나트륨,산도조절제,식품의 산도 또는 알칼리도를 조절하는 식품첨가물
FA3521,염기성알루미늄인산나트륨,유화제,물과 기름 등 섞이지 않는 두 가지 또는 그 이상의 상(phases)을 균질하게 섞어주거나 유지시키는 식품첨가물
FA3530,염산,제조용제,"식품의 제조·가공 시 촉매, 침전, 분해, 청징 등의 역할을 하는 보조제 식품첨가물"
FA3540,염소,밀가루개량제,밀가루나 반죽에 첨가되어 제빵 품질이나 색을 증진시키는 식품첨가물
FA3550,염화마그네슘,두부응고제,
FA3551,염화마그네슘,영양강화제,"식품의 영양학적 품질을 유지하기 위해 제조공정 중 손실된 영양소를 복원하거나, 영양소를 강화시키는 식품첨가물"
FA3560,염화망간,영양강화제,"식품의 영양학적 품질을 유지하기 위해 제조공정 중 손실된 영양소를 복원하거나, 영양소를 강화시키는 식품첨가물"
FA3570,염화암모늄,팽창제,가스를 방출하여 반죽의 부피를 증가시키는 식품첨가물
FA3580,염화제이철,영양강화제,"식품의 영양학적 품질을 유지하기 위해 제조공정 중 손실된 영양소를 복원하거나, 영양소를 강화시키는 식품첨가물"
FA3590,염화칼륨,영양강화제,"식품의 영양학적 품질을 유지하기 위해 제조공정 중 손실된 영양소를 복원하거나, 영양소를 강화시키는 식품첨가물"
FA3591,염화칼륨,젤형성제,젤을 형성하여 식품에 물성을 부여하는 식품첨가물
FA3592,염화칼륨,향미증진제,식품의 맛 또는 향미를 증진시키는 식품첨가물
FA3600,염화칼슘,두부응고제,
FA3601,염화칼슘,영양강화제,"식품의 영양학적 품질을 유지하기 위해 제조공정 중 손실된 영양소를 복원하거나, 영양소를 강화시키는 식품첨가물"
FA3610,염화콜린,영양강화제,"식품의 영양학적 품질을 유지하기 위해 제조공정 중 손실된 영양소를 복원하거나, 영양소를 강화시키는 식품첨가물"
FA3620,염화크롬,영양강화제,"식품의 영양학적 품질을 유지하기 위해 제조공정 중 손실된 영양소를 복원하거나, 영양소를 강화시키는 식품첨가물"
FA3630,엽산,영양강화제,"식품의 영양학적 품질을 유지하기 위해 제조공정 중 손실된 영양소를 복원하거나, 영양소를 강화시키는 식품첨가물"
FA3640,오존수,살균제,식품 표면의 미생물을 단시간 내에 사멸시키는 작용을 하는 식품첨가물
FA3650,오징어먹물색소,착색료,식품에 색을 부여하거나 복원시키는 식품첨가물
FA3660,옥시스테아린,거품제거제,식품의 거품 생성을 방지하거나 감소시키는 식품첨가물
FA3661,옥시스테아린,안정제,두 가지 또는 그 이상의 성분을 일정한 분산 형태로 유지시키는 식품첨가물
FA3680,옥탄산에틸,향료,식품에 특유한 향을 부여하거나 제조공정 중 손실된 식품 본래의 향을 보강시키는 식품첨가물
FA3690,옥틸알데히드,향료,식품에 특유한 향을 부여하거나 제조공정 중 손실된 식품 본래의 향을 보강시키는 식품첨가물
FA3700,올레인산,거품제거제,식품의 거품 생성을 방지하거나 감소시키는 식품첨가물
FA3701,올레인산,제조용제,"식품의 제조·가공 시 촉매, 침전, 분해, 청징 등의 역할을 하는 보조제 식품첨가물"
FA3710,올레인산나트륨,피막제,식품의 표면에 광택을 내거나 보호막을 형성하는 식품첨가물
FA3720,요오드산칼륨,밀가루개량제,밀가루나 반죽에 첨가되어 제빵 품질이나 색을 증진시키는 식품첨가물
FA3721,요오드산칼륨,영양강화제,"식품의 영양학적 품질을 유지하기 위해 제조공정 중 손실된 영양소를 복원하거나, 영양소를 강화시키는 식품첨가물"
FA3730,요오드칼륨,밀가루개량제,밀가루나 반죽에 첨가되어 제빵 품질이나 색을 증진시키는 식품첨가물
FA3731,요오드칼륨,영양강화제,"식품의 영양학적 품질을 유지하기 위해 제조공정 중 손실된 영양소를 복원하거나, 영양소를 강화시키는 식품첨가물"
FA3740,용성비타민P,영양강화제,"식품의 영양학적 품질을 유지하기 위해 제조공정 중 손실된 영양소를 복원하거나, 영양소를 강화시키는 식품첨가물"
FA3750,우레아제,효소제,특정한 생화학 반응의 촉매 작용을 하는 식품첨가물
FA3760,우유응고효소,효소제,특정한 생화학 반응의 촉매 작용을 하는 식품첨가물
FA3770,유게놀,향료,식품에 특유한 향을 부여하거나 제조공정 중 손실된 식품 본래의 향을 보강시키는 식품첨가물
FA3780,유동파라핀,이형제,식품의 형태를 유지하기 위해 원료가 용기에 붙는 것을 방지하여 분리하기 쉽도록 하는 식품첨가물
FA3781,유동파라핀,피막제,식품의 표면에 광택을 내거나 보호막을 형성하는 식품첨가물
FA3790,유성비타민A지방산에스테르,영양강화제,"식품의 영양학적 품질을 유지하기 위해 제조공정 중 손실된 영양소를 복원하거나, 영양소를 강화시키는 식품첨가물"
FA3800,유카추출물,유화제,물과 기름 등 섞이지 않는 두 가지 또는 그 이상의 상(phases)을 균질하게 섞어주거나 유지시키는 식품첨가물
FA3810,유칼리프톨,향료,식품에 특유한 향을 부여하거나 제조공정 중 손실된 식품 본래의 향을 보강시키는 식품첨가물
FA3820,이.디.티.에이.이나트륨,산화방지제,산화에 의한 식품의 품질저하를 방지하는 식품첨가물
FA3830,이.디.티.에이.칼슘이나트륨,산화방지제,산화에 의한 식품의 품질저하를 방지하는 식품첨가물
FA3840,이노시톨,영양강화제,"식품의 영양학적 품질을 유지하기 위해 제조공정 중 손실된 영양소를 복원하거나, 영양소를 강화시키는 식품첨가물"
FA3850,이리단백,영양강화제,"식품의 영양학적 품질을 유지하기 위해 제조공정 중 손실된 영양소를 복원하거나, 영양소를 강화시키는 식품첨가물"
FA3860,이산화규소,거품제거제,식품의 거품 생성을 방지하거나 감소시키는 식품첨가물
FA3861,이산화규소,고결방지제,식품의 입자 등이 서로 부착되어 고형화되는 것을 감소시키는 식품첨가물
FA3862,이산화규소,여과보조제,불순물 또는 미세한 입자를 흡착하여 제거하기 위해 사용되는 식품첨가물
FA3870,이산화염소(수),밀가루개량제,밀가루나 반죽에 첨가되어 제빵 품질이나 색을 증진시키는 식품첨가물
FA3871,이산화염소(수),살균제,식품 표면의 미생물을 단시간 내에 사멸시키는 작용을 하는 식품첨가물
FA3880,이산화탄소,분사제,용기에서 식품을 방출시키는 가스 식품첨가물
FA3881,이산화탄소,충전제,산화나 부패로부터 식품을 보호하기 위해 식품의 제조 시 포장 용기에 의도적으로 주입시키는 가스 식품첨가물
FA3890,이산화티타늄,착색료,식품에 색을 부여하거나 복원시키는 식품첨가물
FA3900,이소길초산에틸,향료,식품에 특유한 향을 부여하거나 제조공정 중 손실된 식품 본래의 향을 보강시키는 식품첨가물
FA3910,이소길초산이소아밀,향료,식품에 특유한 향을 부여하거나 제조공정 중 손실된 식품 본래의 향을 보강시키는 식품첨가물
FA3920,이소말트,감미료,식품에 단맛을 부여하는 식품첨가물
FA3930,이소유게놀,향료,식품에 특유한 향을 부여하거나 제조공정 중 손실된 식품 본래의 향을 보강시키는 식품첨가물
FA3940,이소티오시안산알릴,향료,식품에 특유한 향을 부여하거나 제조공정 중 손실된 식품 본래의 향을 보강시키는 식품첨가물
FA3950,이소프로필알콜,제조용제,"식품의 제조·가공 시 촉매, 침전, 분해, 청징 등의 역할을 하는 보조제 식품첨가물"
FA3951,이소프로필알콜,추출용제,유용한 성분 등을 추출하거나 용해시키는 식품첨가물
FA3952,이소프로필알콜,향료,식품에 특유한 향을 부여하거나 제조공정 중 손실된 식품 본래의 향을 보강시키는 식품첨가물
FA3960,이온교환수지,제조용제,"식품의 제조·가공 시 촉매, 침전, 분해, 청징 등의 역할을 하는 보조제 식품첨가물"
FA3970,이초산나트륨,산도조절제,식품의 산도 또는 알칼리도를 조절하는 식품첨가물
FA3980,이타콘산,산도조절제,식품의 산도 또는 알칼리도를 조절하는 식품첨가물
FA3990,인베르타아제,효소제,특정한 생화학 반응의 촉매 작용을 하는 식품첨가물
FA4000,인산,산도조절제,식품의 산도 또는 알칼리도를 조절하는 식품첨가물
FA4001,인산,영양강화제,"식품의 영양학적 품질을 유지하기 위해 제조공정 중 손실된 영양소를 복원하거나, 영양소를 강화시키는 식품첨가물"
FA4010,인산철,영양강화제,"식품의 영양학적 품질을 유지하기 위해 제조공정 중 손실된 영양소를 복원하거나, 영양소를 강화시키는 식품첨가물"
FA4020,자단향색소,착색료,식품에 색을 부여하거나 복원시키는 식품첨가물
FA4030,자당지방산에스테르,껌기초제,적당한 점성과 탄력성을 갖는 비영양성의 씹는 물질로서 껌 제조의 기초 원료가 되는 식품첨가물
FA4031,자당지방산에스테르,유화제,물과 기름 등 섞이지 않는 두 가지 또는 그 이상의 상(phases)을 균질하게 섞어주거나 유지시키는 식품첨가물
FA4040,자몽종자추출물,보존료,미생물에 의한 품질 저하를 방지하여 식품의 보존기간을 연장시키는 식품첨가물
FA4041,자몽종자추출물,제조용제,"식품의 제조·가공 시 촉매, 침전, 분해, 청징 등의 역할을 하는 보조제 식품첨가물"
FA4050,자일라나아제,효소제,특정한 생화학 반응의 촉매 작용을 하는 식품첨가물
FA4060,자일리톨,감미료,식품에 단맛을 부여하는 식품첨가물
FA4061,자일리톨,습윤제,식품이 건조되는 것을 방지하는 식품첨가물
FA4070,자주색고구마색소,착색료,식품에 색을 부여하거나 복원시키는 식품첨가물
FA4080,자주색옥수수색소,착색료,식품에 색을 부여하거나 복원시키는 식품첨가물
FA4090,자주색참마색소,착색료,식품에 색을 부여하거나 복원시키는 식품첨가물
FA4100,잔탄검,안정제,두 가지 또는 그 이상의 성분을 일정한 분산 형태로 유지시키는 식품첨가물
FA4101,잔탄검,증점제,식품의 점도를 증가시키는 식품첨가물
FA4110,적무색소,착색료,식품에 색을 부여하거나 복원시키는 식품첨가물
FA4120,적양배추색소,착색료,식품에 색을 부여하거나 복원시키는 식품첨가물
FA4130,전해철,영양강화제,"식품의 영양학적 품질을 유지하기 위해 제조공정 중 손실된 영양소를 복원하거나, 영양소를 강화시키는 식품첨가물"
FA4140,젖산,산도조절제,식품의 산도 또는 알칼리도를 조절하는 식품첨가물
FA4150,젖산나트륨,산도조절제,식품의 산도 또는 알칼리도를 조절하는 식품첨가물
FA4151,젖산나트륨,영양강화제,"식품의 영양학적 품질을 유지하기 위해 제조공정 중 손실된 영양소를 복원하거나, 영양소를 강화시키는 식품첨가물"
FA4152,젖산나트륨,유화제,물과 기름 등 섞이지 않는 두 가지 또는 그 이상의 상(phases)을 균질하게 섞어주거나 유지시키는 식품첨가물
FA4153,젖산나트륨,향미증진제,식품의 맛 또는 향미를 증진시키는 식품첨가물
FA4160,젖산철,산도조절제,식품의 산도 또는 알칼리도를 조절하는 식품첨가물
FA4161,젖산철,영양강화제,"식품의 영양학적 품질을 유지하기 위해 제조공정 중 손실된 영양소를 복원하거나, 영양소를 강화시키는 식품첨가물"
FA4170,젖산칼륨,산도조절제,식품의 산도 또는 알칼리도를 조절하는 식품첨가물
FA4171,젖산칼륨,영양강화제,"식품의 영양학적 품질을 유지하기 위해 제조공정 중 손실된 영양소를 복원하거나, 영양소를 강화시키는 식품첨가물"
FA4172,젖산칼륨,향미증진제,식품의 맛 또는 향미를 증진시키는 식품첨가물
FA4180,젖산칼슘,산도조절제,식품의 산도 또는 알칼리도를 조절하는 식품첨가물
FA4181,젖산칼슘,영양강화제,"식품의 영양학적 품질을 유지하기 위해 제조공정 중 손실된 영양소를 복원하거나, 영양소를 강화시키는 식품첨가물"
FA4190,제삼인산나트륨,산도조절제,식품의 산도 또는 알칼리도를 조절하는 식품첨가물
FA4191,제삼인산나트륨,영양강화제,"식품의 영양학적 품질을 유지하기 위해 제조공정 중 손실된 영양소를 복원하거나, 영양소를 강화시키는 식품첨가물"
FA4192,제삼인산나트륨,팽창제,가스를 방출하여 반죽의 부피를 증가시키는 식품첨가물
FA4200,제삼인산마그네슘,산도조절제,식품의 산도 또는 알칼리도를 조절하는 식품첨가물
FA4201,제삼인산마그네슘,영양강화제,"식품의 영양학적 품질을 유지하기 위해 제조공정 중 손실된 영양소를 복원하거나, 영양소를 강화시키는 식품첨가물"
FA4202,제삼인산마그네슘,팽창제,가스를 방출하여 반죽의 부피를 증가시키는 식품첨가물
FA4210,제삼인산칼륨,산도조절제,식품의 산도 또는 알칼리도를 조절하는 식품첨가물
FA4211,제삼인산칼륨,영양강화제,"식품의 영양학적 품질을 유지하기 위해 제조공정 중 손실된 영양소를 복원하거나, 영양소를 강화시키는 식품첨가물"
FA4212,제삼인산칼륨,팽창제,가스를 방출하여 반죽의 부피를 증가시키는 식품첨가물
FA4220,제삼인산칼슘,산도조절제,식품의 산도 또는 알칼리도를 조절하는 식품첨가물
FA4221,제삼인산칼슘,영양강화제,"식품의 영양학적 품질을 유지하기 위해 제조공정 중 손실된 영양소를 복원하거나, 영양소를 강화시키는 식품첨가물"
FA4222,제삼인산칼슘,팽창제,가스를 방출하여 반죽의 부피를 증가시키는 식품첨가물
FA4230,제이인산나트륨,산도조절제,식품의 산도 또는 알칼리도를 조절하는 식품첨가물
FA4231,제이인산나트륨,영양강화제,"식품의 영양학적 품질을 유지하기 위해 제조공정 중 손실된 영양소를 복원하거나, 영양소를 강화시키는 식품첨가물"
FA4232,제이인산나트륨,팽창제,가스를 방출하여 반죽의 부피를 증가시키는 식품첨가물
FA4240,제이인산마그네슘,산도조절제,식품의 산도 또는 알칼리도를 조절하는 식품첨가물
FA4241,제이인산마그네슘,영양강화제,"식품의 영양학적 품질을 유지하기 위해 제조공정 중 손실된 영양소를 복원하거나, 영양소를 강화시키는 식품첨가물"
FA4242,제이인산마그네슘,팽창제,가스를 방출하여 반죽의 부피를 증가시키는 식품첨가물
FA4250,제이인산암모늄,산도조절제,식품의 산도 또는 알칼리도를 조절하는 식품첨가물
FA4251,제이인산암모늄,팽창제,가스를 방출하여 반죽의 부피를 증가시키는 식품첨가물
FA4260,제이인산칼륨,산도조절제,식품의 산도 또는 알칼리도를 조절하는 식품첨가물
FA4261,제이인산칼륨,영양강화제,"식품의 영양학적 품질을 유지하기 위해 제조공정 중 손실된 영양소를 복원하거나, 영양소를 강화시키는 식품첨가물"
FA4262,제이인산칼륨,팽창제,가스를 방출하여 반죽의 부피를 증가시키는 식품첨가물
FA4270,제이인산칼슘,산도조절제,식품의 산도 또는 알칼리도를 조절하는 식품첨가물
FA4271,제이인산칼슘,영양강화제,"식품의 영양학적 품질을 유지하기 위해 제조공정 중 손실된 영양소를 복원하거나, 영양소를 강화시키는 식품첨가물"
FA4272,제이인산칼슘,팽창제,가스를 방출하여 반죽의 부피를 증가시키는 식품첨가물
FA4280,제일인산나트륨,산도조절제,식품의 산도 또는 알칼리도를 조절하는 식품첨가물
FA4281,제일인산나트륨,영양강화제,"식품의 영양학적 품질을 유지하기 위해 제조공정 중 손실된 영양소를 복원하거나, 영양소를 강화시키는 식품첨가물"
FA4282,제일인산나트륨,팽창제,가스를 방출하여 반죽의 부피를 증가시키는 식품첨가물
FA4290,제일인산암모늄,산도조절제,식품의 산도 또는 알칼리도를 조절하는 식품첨가물
FA4291,제일인산암모늄,팽창제,가스를 방출하여 반죽의 부피를 증가시키는 식품첨가물
FA4300,제일인산칼륨,산도조절제,식품의 산도 또는 알칼리도를 조절하는 식품첨가물
FA4301,제일인산칼륨,영양강화제,"식품의 영양학적 품질을 유지하기 위해 제조공정 중 손실된 영양소를 복원하거나, 영양소를 강화시키는 식품첨가물"
FA4302,제일인산칼륨,팽창제,가스를 방출하여 반죽의 부피를 증가시키는 식품첨가물
FA4310,제일인산칼슘,산도조절제,식품의 산도 또는 알칼리도를 조절하는 식품첨가물
FA4311,제일인산칼슘,영양강화제,"식품의 영양학적 품질을 유지하기 위해 제조공정 중 손실된 영양소를 복원하거나, 영양소를 강화시키는 식품첨가물"
FA4312,제일인산칼슘,팽창제,가스를 방출하여 반죽의 부피를 증가시키는 식품첨가물
FA4320,젤라틴,안정제,두 가지 또는 그 이상의 성분을 일정한 분산 형태로 유지시키는 식품첨가물
FA4321,젤라틴,유화제,물과 기름 등 섞이지 않는 두 가지 또는 그 이상의 상(phases)을 균질하게 섞어주거나 유지시키는 식품첨가물
FA4322,젤라틴,젤형성제,젤을 형성하여 식품에 물성을 부여하는 식품첨가물
FA4330,젤란검,안정제,두 가지 또는 그 이상의 성분을 일정한 분산 형태로 유지시키는 식품첨가물
FA4331,젤란검,증점제,식품의 점도를 증가시키는 식품첨가물
FA4340,조제해수염화마그네슘,두부응고제,
FA4350,종국,효소제,특정한 생화학 반응의 촉매 작용을 하는 식품첨가물
FA4360,주석산수소콜린,영양강화제,"식품의 영양학적 품질을 유지하기 위해 제조공정 중 손실된 영양소를 복원하거나, 영양소를 강화시키는 식품첨가물"
FA4370,주석산칼륨나트륨,산도조절제,식품의 산도 또는 알칼리도를 조절하는 식품첨가물
FA4380,지베렐린산,제조용제,"식품의 제조·가공 시 촉매, 침전, 분해, 청징 등의 역할을 하는 보조제 식품첨가물"
FA4390,진주빛색소,착색료,식품에 색을 부여하거나 복원시키는 식품첨가물
FA4400,질산나트륨,발색제,"식품의 색을 안정화시키거나, 유지 또는 강화시키는 식품첨가물"
FA4401,질산나트륨,보존료,미생물에 의한 품질 저하를 방지하여 식품의 보존기간을 연장시키는 식품첨가물
FA4410,질산칼륨,발색제,"식품의 색을 안정화시키거나, 유지 또는 강화시키는 식품첨가물"
FA4411,질산칼륨,보존료,미생물에 의한 품질 저하를 방지하여 식품의 보존기간을 연장시키는 식품첨가물
FA4420,질소,분사제,용기에서 식품을 방출시키는 가스 식품첨가물
FA4421,질소,제조용제,"식품의 제조·가공 시 촉매, 침전, 분해, 청징 등의 역할을 하는 보조제 식품첨가물"
FA4422,질소,충전제,산화나 부패로부터 식품을 보호하기 위해 식품의 제조 시 포장 용기에 의도적으로 주입시키는 가스 식품첨가물
FA4430,차아염소산나트륨,살균제,식품 표면의 미생물을 단시간 내에 사멸시키는 작용을 하는 식품첨가물
FA4440,차아염소산수,살균제,식품 표면의 미생물을 단시간 내에 사멸시키는 작용을 하는 식품첨가물
FA4450,차아염소산칼슘,살균제,식품 표면의 미생물을 단시간 내에 사멸시키는 작용을 하는 식품첨가물
FA4460,차아황산나트륨,보존료,미생물에 의한 품질 저하를 방지하여 식품의 보존기간을 연장시키는 식품첨가물
FA4461,차아황산나트륨,산화방지제,산화에 의한 식품의 품질저하를 방지하는 식품첨가물
FA4462,차아황산나트륨,표백제,식품의 색을 제거하기 위해 사용되는 식품첨가물
FA4470,차즈기색소,착색료,식품에 색을 부여하거나 복원시키는 식품첨가물
FA4480,차추출물,산화방지제,산화에 의한 식품의 품질저하를 방지하는 식품첨가물
FA4490,차카테킨,산화방지제,산화에 의한 식품의 품질저하를 방지하는 식품첨가물
FA4500,참깨유불검화물,산화방지제,산화에 의한 식품의 품질저하를 방지하는 식품첨가물
FA4510,천연향료,향료,식품에 특유한 향을 부여하거나 제조공정 중 손실된 식품 본래의 향을 보강시키는 식품첨가물
FA4520,철클로로필린나트륨,착색료,식품에 색을 부여하거나 복원시키는 식품첨가물
FA4530,청관제,청관제,"식품에 직접 접촉하는 스팀을 생산하는 보일러 내부의 결석, 물 때 형성, 부식 등을 방지하기 위하여 투입하는 식품첨가물"
FA4540,초산,산도조절제,식품의 산도 또는 알칼리도를 조절하는 식품첨가물
FA4550,초산게라닐,향료,식품에 특유한 향을 부여하거나 제조공정 중 손실된 식품 본래의 향을 보강시키는 식품첨가물
FA4560,초산나트륨,산도조절제,식품의 산도 또는 알칼리도를 조절하는 식품첨가물
FA4570,초산리나릴,향료,식품에 특유한 향을 부여하거나 제조공정 중 손실된 식품 본래의 향을 보강시키는 식품첨가물
FA4580,초산벤질,향료,식품에 특유한 향을 부여하거나 제조공정 중 손실된 식품 본래의 향을 보강시키는 식품첨가물
FA4590,초산부틸,향료,식품에 특유한 향을 부여하거나 제조공정 중 손실된 식품 본래의 향을 보강시키는 식품첨가물
FA4600,초산비닐수지,껌기초제,적당한 점성과 탄력성을 갖는 비영양성의 씹는 물질로서 껌 제조의 기초 원료가 되는 식품첨가물
FA4601,초산비닐수지,피막제,식품의 표면에 광택을 내거나 보호막을 형성하는 식품첨가물
FA4610,초산시트로넬릴,향료,식품에 특유한 향을 부여하거나 제조공정 중 손실된 식품 본래의 향을 보강시키는 식품첨가물
FA4620,초산신나밀,향료,식품에 특유한 향을 부여하거나 제조공정 중 손실된 식품 본래의 향을 보강시키는 식품첨가물
FA4630,초산에틸,추출용제,유용한 성분 등을 추출하거나 용해시키는 식품첨가물
FA4631,초산에틸,향료,식품에 특유한 향을 부여하거나 제조공정 중 손실된 식품 본래의 향을 보강시키는 식품첨가물
FA4640,초산이소아밀,향료,식품에 특유한 향을 부여하거나 제조공정 중 손실된 식품 본래의 향을 보강시키는 식품첨가물
FA4650,초산칼슘,산도조절제,식품의 산도 또는 알칼리도를 조절하는 식품첨가물
FA4660,초산페닐에틸,향료,식품에 특유한 향을 부여하거나 제조공정 중 손실된 식품 본래의 향을 보강시키는 식품첨가물
FA4670,치자적색소,착색료,식품에 색을 부여하거나 복원시키는 식품첨가물
FA4680,치자청색소,착색료,식품에 색을 부여하거나 복원시키는 식품첨가물
FA4690,치자황색소,착색료,식품에 색을 부여하거나 복원시키는 식품첨가물
FA4700,카나우바왁스,안정제,두 가지 또는 그 이상의 성분을 일정한 분산 형태로 유지시키는 식품첨가물
FA4701,카나우바왁스,유화제,물과 기름 등 섞이지 않는 두 가지 또는 그 이상의 상(phases)을 균질하게 섞어주거나 유지시키는 식품첨가물
FA4702,카나우바왁스,증점제,식품의 점도를 증가시키는 식품첨가물
FA4710,카라기난,안정제,두 가지 또는 그 이상의 성분을 일정한 분산 형태로 유지시키는 식품첨가물
FA4711,카라기난,유화제,물과 기름 등 섞이지 않는 두 가지 또는 그 이상의 상(phases)을 균질하게 섞어주거나 유지시키는 식품첨가물
FA4712,카라기난,증점제,식품의 점도를 증가시키는 식품첨가물
FA4720,카라멜색소,착색료,식품에 색을 부여하거나 복원시키는 식품첨가물
FA4730,카라야검,안정제,두 가지 또는 그 이상의 성분을 일정한 분산 형태로 유지시키는 식품첨가물
FA4731,카라야검,증점제,식품의 점도를 증가시키는 식품첨가물
FA4740,카로틴,영양강화제,"식품의 영양학적 품질을 유지하기 위해 제조공정 중 손실된 영양소를 복원하거나, 영양소를 강화시키는 식품첨가물"
FA4741,카로틴,착색료,식품에 색을 부여하거나 복원시키는 식품첨가물
FA4750,카민,착색료,식품에 색을 부여하거나 복원시키는 식품첨가물
FA4760,카복시메틸셀룰로스나트륨,안정제,두 가지 또는 그 이상의 성분을 일정한 분산 형태로 유지시키는 식품첨가물
FA4761,카복시메틸셀룰로스나트륨,증점제,식품의 점도를 증가시키는 식품첨가물
FA4770,카복시메틸셀룰로스칼슘,안정제,두 가지 또는 그 이상의 성분을 일정한 분산 형태로 유지시키는 식품첨가물
FA4771,카복시메틸셀룰로스칼슘,증점제,식품의 점도를 증가시키는 식품첨가물
FA4780,카복시메틸스타치나트륨,안정제,두 가지 또는 그 이상의 성분을 일정한 분산 형태로 유지시키는 식품첨가물
FA4781,카복시메틸스타치나트륨,증점제,식품의 점도를 증가시키는 식품첨가물
FA4790,카제인,안정제,두 가지 또는 그 이상의 성분을 일정한 분산 형태로 유지시키는 식품첨가물
FA4791,카제인,유화제,물과 기름 등 섞이지 않는 두 가지 또는 그 이상의 상(phases)을 균질하게 섞어주거나 유지시키는 식품첨가물
FA4792,카제인,증점제,식품의 점도를 증가시키는 식품첨가물
FA4800,카제인나트륨,안정제,두 가지 또는 그 이상의 성분을 일정한 분산 형태로 유지시키는 식품첨가물
FA4801,카제인나트륨,유화제,물과 기름 등 섞이지 않는 두 가지 또는 그 이상의 상(phases)을 균질하게 섞어주거나 유지시키는 식품첨가물
FA4802,카제인나트륨,증점제,식품의 점도를 증가시키는 식품첨가물
FA4810,카제인칼륨,안정제,두 가지 또는 그 이상의 성분을 일정한 분산 형태로 유지시키는 식품첨가물
FA4811,카제인칼륨,유화제,물과 기름 등 섞이지 않는 두 가지 또는 그 이상의 상(phases)을 균질하게 섞어주거나 유지시키는 식품첨가물
FA4812,카제인칼륨,증점제,식품의 점도를 증가시키는 식품첨가물
FA4820,카제인칼슘,안정제,두 가지 또는 그 이상의 성분을 일정한 분산 형태로 유지시키는 식품첨가물
FA4821,카제인칼슘,유화제,물과 기름 등 섞이지 않는 두 가지 또는 그 이상의 상(phases)을 균질하게 섞어주거나 유지시키는 식품첨가물
FA4822,카제인칼슘,증점제,식품의 점도를 증가시키는 식품첨가물
FA4830,카카오색소,착색료,식품에 색을 부여하거나 복원시키는 식품첨가물
FA4840,카탈라아제,효소제,특정한 생화학 반응의 촉매 작용을 하는 식품첨가물
FA4850,카페인,향미증진제,식품의 맛 또는 향미를 증진시키는 식품첨가물
FA4860,카프론산알릴,향료,식품에 특유한 향을 부여하거나 제조공정 중 손실된 식품 본래의 향을 보강시키는 식품첨가물
FA4870,카프릭산,제조용제,"식품의 제조·가공 시 촉매, 침전, 분해, 청징 등의 역할을 하는 보조제 식품첨가물"
FA4880,카프릴산,제조용제,"식품의 제조·가공 시 촉매, 침전, 분해, 청징 등의 역할을 하는 보조제 식품첨가물"
FA4890,칸델릴라왁스,유화제,물과 기름 등 섞이지 않는 두 가지 또는 그 이상의 상(phases)을 균질하게 섞어주거나 유지시키는 식품첨가물
FA4891,칸델릴라왁스,피막제,식품의 표면에 광택을 내거나 보호막을 형성하는 식품첨가물
FA4900,커드란,안정제,두 가지 또는 그 이상의 성분을 일정한 분산 형태로 유지시키는 식품첨가물
FA4901,커드란,증점제,식품의 점도를 증가시키는 식품첨가물
FA4910,케르세틴,산화방지제,산화에 의한 식품의 품질저하를 방지하는 식품첨가물
FA4920,코치닐추출색소,착색료,식품에 색을 부여하거나 복원시키는 식품첨가물
FA4930,퀼라야추출물,유화제,물과 기름 등 섞이지 않는 두 가지 또는 그 이상의 상(phases)을 균질하게 섞어주거나 유지시키는 식품첨가물
FA4940,클로로필,착색료,식품에 색을 부여하거나 복원시키는 식품첨가물
FA4950,키토사나아제,효소제,특정한 생화학 반응의 촉매 작용을 하는 식품첨가물
FA4960,키토산,안정제,두 가지 또는 그 이상의 성분을 일정한 분산 형태로 유지시키는 식품첨가물
FA4961,키토산,증점제,식품의 점도를 증가시키는 식품첨가물
FA4970,키틴,안정제,두 가지 또는 그 이상의 성분을 일정한 분산 형태로 유지시키는 식품첨가물
FA4971,키틴,증점제,식품의 점도를 증가시키는 식품첨가물
FA4980,타라검,안정제,두 가지 또는 그 이상의 성분을 일정한 분산 형태로 유지시키는 식품첨가물
FA4981,타라검,증점제,식품의 점도를 증가시키는 식품첨가물
FA4990,타마린드검,안정제,두 가지 또는 그 이상의 성분을 일정한 분산 형태로 유지시키는 식품첨가물
FA4991,타마린드검,증점제,식품의 점도를 증가시키는 식품첨가물
FA5000,타마린드색소,착색료,식품에 색을 부여하거나 복원시키는 식품첨가물
FA5010,타우린,영양강화제,"식품의 영양학적 품질을 유지하기 위해 제조공정 중 손실된 영양소를 복원하거나, 영양소를 강화시키는 식품첨가물"
FA5020,탄나아제,효소제,특정한 생화학 반응의 촉매 작용을 하는 식품첨가물
FA5030,탄닌산,향미증진제,식품의 맛 또는 향미를 증진시키는 식품첨가물
FA5040,탄산나트륨,산도조절제,식품의 산도 또는 알칼리도를 조절하는 식품첨가물
FA5041,탄산나트륨,영양강화제,"식품의 영양학적 품질을 유지하기 위해 제조공정 중 손실된 영양소를 복원하거나, 영양소를 강화시키는 식품첨가물"
FA5042,탄산나트륨,팽창제,가스를 방출하여 반죽의 부피를 증가시키는 식품첨가물
FA5050,탄산마그네슘,산도조절제,식품의 산도 또는 알칼리도를 조절하는 식품첨가물
FA5051,탄산마그네슘,영양강화제,"식품의 영양학적 품질을 유지하기 위해 제조공정 중 손실된 영양소를 복원하거나, 영양소를 강화시키는 식품첨가물"
FA5052,탄산마그네슘,팽창제,가스를 방출하여 반죽의 부피를 증가시키는 식품첨가물
FA5060,탄산수소나트륨,산도조절제,식품의 산도 또는 알칼리도를 조절하는 식품첨가물
FA5061,탄산수소나트륨,영양강화제,"식품의 영양학적 품질을 유지하기 위해 제조공정 중 손실된 영양소를 복원하거나, 영양소를 강화시키는 식품첨가물"
FA5062,탄산수소나트륨,팽창제,가스를 방출하여 반죽의 부피를 증가시키는 식품첨가물
FA5070,탄산수소암모늄,산도조절제,식품의 산도 또는 알칼리도를 조절하는 식품첨가물
FA5071,탄산수소암모늄,팽창제,가스를 방출하여 반죽의 부피를 증가시키는 식품첨가물
FA5080,탄산수소칼륨,산도조절제,식품의 산도 또는 알칼리도를 조절하는 식품첨가물
FA5081,탄산수소칼륨,영양강화제,"식품의 영양학적 품질을 유지하기 위해 제조공정 중 손실된 영양소를 복원하거나, 영양소를 강화시키는 식품첨가물"
FA5082,탄산수소칼륨,팽창제,가스를 방출하여 반죽의 부피를 증가시키는 식품첨가물
FA5090,탄산암모늄,산도조절제,식품의 산도 또는 알칼리도를 조절하는 식품첨가물
FA5091,탄산암모늄,팽창제,가스를 방출하여 반죽의 부피를 증가시키는 식품첨가물
FA5100,탄산칼륨(무수),산도조절제,식품의 산도 또는 알칼리도를 조절하는 식품첨가물
FA5101,탄산칼륨(무수),영양강화제,"식품의 영양학적 품질을 유지하기 위해 제조공정 중 손실된 영양소를 복원하거나, 영양소를 강화시키는 식품첨가물"
FA5102,탄산칼륨(무수),팽창제,가스를 방출하여 반죽의 부피를 증가시키는 식품첨가물
FA5110,탄산칼슘,껌기초제,적당한 점성과 탄력성을 갖는 비영양성의 씹는 물질로서 껌 제조의 기초 원료가 되는 식품첨가물
FA5111,탄산칼슘,산도조절제,식품의 산도 또는 알칼리도를 조절하는 식품첨가물
FA5112,탄산칼슘,영양강화제,"식품의 영양학적 품질을 유지하기 위해 제조공정 중 손실된 영양소를 복원하거나, 영양소를 강화시키는 식품첨가물"
FA5113,탄산칼슘,팽창제,가스를 방출하여 반죽의 부피를 증가시키는 식품첨가물
FA5120,탤크,껌기초제,적당한 점성과 탄력성을 갖는 비영양성의 씹는 물질로서 껌 제조의 기초 원료가 되는 식품첨가물
FA5121,탤크,여과보조제,불순물 또는 미세한 입자를 흡착하여 제거하기 위해 사용되는 식품첨가물
FA5122,탤크,표면처리제,식품의 표면을 매끄럽게 하거나 정동하기 위해 사용되는 식품첨가물
FA5130,터셔리부틸히드로퀴논,산화방지제,산화에 의한 식품의 품질저하를 방지하는 식품첨가물
FA5140,테아닌,영양강화제,"식품의 영양학적 품질을 유지하기 위해 제조공정 중 손실된 영양소를 복원하거나, 영양소를 강화시키는 식품첨가물"
FA5150,토마토색소,착색료,식품에 색을 부여하거나 복원시키는 식품첨가물
FA5160,토마틴,감미료,식품에 단맛을 부여하는 식품첨가물
FA5170,트라가칸스검,안정제,두 가지 또는 그 이상의 성분을 일정한 분산 형태로 유지시키는 식품첨가물
FA5171,트라가칸스검,증점제,식품의 점도를 증가시키는 식품첨가물
FA5180,트랜스글루코시다아제,효소제,특정한 생화학 반응의 촉매 작용을 하는 식품첨가물
FA5190,트랜스글루타미나아제,효소제,특정한 생화학 반응의 촉매 작용을 하는 식품첨가물
FA5200,트리아세틴,껌기초제,적당한 점성과 탄력성을 갖는 비영양성의 씹는 물질로서 껌 제조의 기초 원료가 되는 식품첨가물
FA5201,트리아세틴,유화제,물과 기름 등 섞이지 않는 두 가지 또는 그 이상의 상(phases)을 균질하게 섞어주거나 유지시키는 식품첨가물
FA5210,트립신,효소제,특정한 생화학 반응의 촉매 작용을 하는 식품첨가물
FA5220,파라메틸아세토페논,향료,식품에 특유한 향을 부여하거나 제조공정 중 손실된 식품 본래의 향을 보강시키는 식품첨가물
FA5230,파라옥시안식향산메틸,보존료,미생물에 의한 품질 저하를 방지하여 식품의 보존기간을 연장시키는 식품첨가물
FA5240,파라옥시안식향산에틸,보존료,미생물에 의한 품질 저하를 방지하여 식품의 보존기간을 연장시키는 식품첨가물
FA5250,파프리카추출색소,착색료,식품에 색을 부여하거나 복원시키는 식품첨가물
FA5260,파피아색소,착색료,식품에 색을 부여하거나 복원시키는 식품첨가물
FA5270,판크레아틴,효소제,특정한 생화학 반응의 촉매 작용을 하는 식품첨가물
FA5280,판토텐산나트륨,영양강화제,"식품의 영양학적 품질을 유지하기 위해 제조공정 중 손실된 영양소를 복원하거나, 영양소를 강화시키는 식품첨가물"
FA5290,판토텐산칼슘,영양강화제,"식품의 영양학적 품질을 유지하기 위해 제조공정 중 손실된 영양소를 복원하거나, 영양소를 강화시키는 식품첨가물"
FA5300,팔미트산,거품제거제,식품의 거품 생성을 방지하거나 감소시키는 식품첨가물
FA5301,팔미트산,제조용제,"식품의 제조·가공 시 촉매, 침전, 분해, 청징 등의 역할을 하는 보조제 식품첨가물"
FA5310,퍼라이트,여과보조제,불순물 또는 미세한 입자를 흡착하여 제거하기 위해 사용되는 식품첨가물
FA5320,퍼셀레란,안정제,두 가지 또는 그 이상의 성분을 일정한 분산 형태로 유지시키는 식품첨가물
FA5321,퍼셀레란,증점제,식품의 점도를 증가시키는 식품첨가물
FA5330,페닐초산에틸,향료,식품에 특유한 향을 부여하거나 제조공정 중 손실된 식품 본래의 향을 보강시키는 식품첨가물
FA5340,페닐초산이소부틸,향료,식품에 특유한 향을 부여하거나 제조공정 중 손실된 식품 본래의 향을 보강시키는 식품첨가물
FA5350,페로시안화나트륨,고결방지제,식품의 입자 등이 서로 부착되어 고형화되는 것을 감소시키는 식품첨가물
FA5360,페로시안화칼륨,고결방지제,식품의 입자 등이 서로 부착되어 고형화되는 것을 감소시키는 식품첨가물
FA5370,페로시안화칼슘,고결방지제,식품의 입자 등이 서로 부착되어 고형화되는 것을 감소시키는 식품첨가물
FA5380,페룰린산,산화방지제,산화에 의한 식품의 품질저하를 방지하는 식품첨가물
FA5390,펙티나아제,효소제,특정한 생화학 반응의 촉매 작용을 하는 식품첨가물
FA5400,펙틴,안정제,두 가지 또는 그 이상의 성분을 일정한 분산 형태로 유지시키는 식품첨가물
FA5401,펙틴,증점제,식품의 점도를 증가시키는 식품첨가물
FA5410,펩신,효소제,특정한 생화학 반응의 촉매 작용을 하는 식품첨가물
FA5420,포도과즙색소,착색료,식품에 색을 부여하거나 복원시키는 식품첨가물
FA5430,포도과피색소,착색료,식품에 색을 부여하거나 복원시키는 식품첨가물
FA5440,포도종자추출물,산화방지제,산화에 의한 식품의 품질저하를 방지하는 식품첨가물
FA5450,포스포디에스테라아제,효소제,특정한 생화학 반응의 촉매 작용을 하는 식품첨가물
FA5460,포스포리파아제,효소제,특정한 생화학 반응의 촉매 작용을 하는 식품첨가물
FA5470,폴리감마글루탐산,안정제,두 가지 또는 그 이상의 성분을 일정한 분산 형태로 유지시키는 식품첨가물
FA5471,폴리감마글루탐산,증점제,식품의 점도를 증가시키는 식품첨가물
FA5480,폴리글리시톨시럽,감미료,식품에 단맛을 부여하는 식품첨가물
FA5481,폴리글리시톨시럽,습윤제,식품이 건조되는 것을 방지하는 식품첨가물
FA5482,폴리글리시톨시럽,안정제,두 가지 또는 그 이상의 성분을 일정한 분산 형태로 유지시키는 식품첨가물
FA5490,폴리덱스트로스,습윤제,식품이 건조되는 것을 방지하는 식품첨가물
FA5491,폴리덱스트로스,안정제,두 가지 또는 그 이상의 성분을 일정한 분산 형태로 유지시키는 식품첨가물
FA5500,폴리부텐,껌기초제,적당한 점성과 탄력성을 갖는 비영양성의 씹는 물질로서 껌 제조의 기초 원료가 되는 식품첨가물
FA5510,폴리비닐알콜,피막제,식품의 표면에 광택을 내거나 보호막을 형성하는 식품첨가물
FA5520,폴리비닐폴리피로리돈,여과보조제,불순물 또는 미세한 입자를 흡착하여 제거하기 위해 사용되는 식품첨가물
FA5530,폴리비닐피로리돈,안정제,두 가지 또는 그 이상의 성분을 일정한 분산 형태로 유지시키는 식품첨가물
FA5531,폴리비닐피로리돈,피막제,식품의 표면에 광택을 내거나 보호막을 형성하는 식품첨가물
FA5540,폴리소르베이트20,유화제,물과 기름 등 섞이지 않는 두 가지 또는 그 이상의 상(phases)을 균질하게 섞어주거나 유지시키는 식품첨가물
FA5550,폴리소르베이트60,유화제,물과 기름 등 섞이지 않는 두 가지 또는 그 이상의 상(phases)을 균질하게 섞어주거나 유지시키는 식품첨가물
FA5560,폴리소르베이트65,유화제,물과 기름 등 섞이지 않는 두 가지 또는 그 이상의 상(phases)을 균질하게 섞어주거나 유지시키는 식품첨가물
FA5570,폴리소르베이트80,유화제,물과 기름 등 섞이지 않는 두 가지 또는 그 이상의 상(phases)을 균질하게 섞어주거나 유지시키는 식품첨가물
FA5580,폴리아크릴산나트륨,안정제,두 가지 또는 그 이상의 성분을 일정한 분산 형태로 유지시키는 식품첨가물
FA5581,폴리아크릴산나트륨,증점제,식품의 점도를 증가시키는 식품첨가물
FA5590,폴리에틸렌글리콜,피막제,식품의 표면에 광택을 내거나 보호막을 형성하는 식품첨가물
FA5600,폴리이소부틸렌,껌기초제,적당한 점성과 탄력성을 갖는 비영양성의 씹는 물질로서 껌 제조의 기초 원료가 되는 식품첨가물
FA5610,폴리인산나트륨,산도조절제,식품의 산도 또는 알칼리도를 조절하는 식품첨가물
FA5611,폴리인산나트륨,팽창제,가스를 방출하여 반죽의 부피를 증가시키는 식품첨가물
FA5620,폴리인산칼륨,산도조절제,식품의 산도 또는 알칼리도를 조절하는 식품첨가물
FA5621,폴리인산칼륨,팽창제,가스를 방출하여 반죽의 부피를 증가시키는 식품첨가물
FA5630,푸마르산,산도조절제,식품의 산도 또는 알칼리도를 조절하는 식품첨가물
FA5640,푸마르산일나트륨,산도조절제,식품의 산도 또는 알칼리도를 조절하는 식품첨가물
FA5650,푸마르산제일철,영양강화제,"식품의 영양학적 품질을 유지하기 위해 제조공정 중 손실된 영양소를 복원하거나, 영양소를 강화시키는 식품첨가물"
FA5660,풀루라나아제,효소제,특정한 생화학 반응의 촉매 작용을 하는 식품첨가물
FA5670,풀루란,피막제,식품의 표면에 광택을 내거나 보호막을 형성하는 식품첨가물
FA5680,프로테아제,효소제,특정한 생화학 반응의 촉매 작용을 하는 식품첨가물
FA5690,프로피온산,보존료,미생물에 의한 품질 저하를 방지하여 식품의 보존기간을 연장시키는 식품첨가물
FA5691,프로피온산,향료,식품에 특유한 향을 부여하거나 제조공정 중 손실된 식품 본래의 향을 보강시키는 식품첨가물
FA5700,프로피온산나트륨,보존료,미생물에 의한 품질 저하를 방지하여 식품의 보존기간을 연장시키는 식품첨가물
FA5710,프로피온산벤질,향료,식품에 특유한 향을 부여하거나 제조공정 중 손실된 식품 본래의 향을 보강시키는 식품첨가물
FA5720,프로피온산에틸,향료,식품에 특유한 향을 부여하거나 제조공정 중 손실된 식품 본래의 향을 보강시키는 식품첨가물
FA5730,프로피온산이소아밀,향료,식품에 특유한 향을 부여하거나 제조공정 중 손실된 식품 본래의 향을 보강시키는 식품첨가물
FA5740,프로피온산칼슘,보존료,미생물에 의한 품질 저하를 방지하여 식품의 보존기간을 연장시키는 식품첨가물
FA5750,프로필렌글리콜,습윤제,식품이 건조되는 것을 방지하는 식품첨가물
FA5751,프로필렌글리콜,안정제,두 가지 또는 그 이상의 성분을 일정한 분산 형태로 유지시키는 식품첨가물
FA5752,프로필렌글리콜,유화제,물과 기름 등 섞이지 않는 두 가지 또는 그 이상의 상(phases)을 균질하게 섞어주거나 유지시키는 식품첨가물
FA5760,프로필렌글리콜지방산에스테르,유화제,물과 기름 등 섞이지 않는 두 가지 또는 그 이상의 상(phases)을 균질하게 섞어주거나 유지시키는 식품첨가물
FA5770,피로인산나트륨,산도조절제,식품의 산도 또는 알칼리도를 조절하는 식품첨가물
FA5771,피로인산나트륨,팽창제,가스를 방출하여 반죽의 부피를 증가시키는 식품첨가물
FA5780,피로인산제이철,영양강화제,"식품의 영양학적 품질을 유지하기 위해 제조공정 중 손실된 영양소를 복원하거나, 영양소를 강화시키는 식품첨가물"
FA5790,피로인산철나트륨,영양강화제,"식품의 영양학적 품질을 유지하기 위해 제조공정 중 손실된 영양소를 복원하거나, 영양소를 강화시키는 식품첨가물"
FA5800,피로인산칼륨,산도조절제,식품의 산도 또는 알칼리도를 조절하는 식품첨가물
FA5801,피로인산칼륨,팽창제,가스를 방출하여 반죽의 부피를 증가시키는 식품첨가물
FA5810,피마자유,이형제,식품의 형태를 유지하기 위해 원료가 용기에 붙는 것을 방지하여 분리하기 쉽도록 하는 식품첨가물
FA5811,피마자유,피막제,식품의 표면에 광택을 내거나 보호막을 형성하는 식품첨가물
FA5820,피칸너트색소,착색료,식품에 색을 부여하거나 복원시키는 식품첨가물
FA5830,피틴산,산도조절제,식품의 산도 또는 알칼리도를 조절하는 식품첨가물
FA5840,피페로날,향료,식품에 특유한 향을 부여하거나 제조공정 중 손실된 식품 본래의 향을 보강시키는 식품첨가물
FA5850,합성향료,향료,식품에 특유한 향을 부여하거나 제조공정 중 손실된 식품 본래의 향을 보강시키는 식품첨가물
FA5860,향신료올레오레진류,향미증진제,식품의 맛 또는 향미를 증진시키는 식품첨가물
FA5870,헤미셀룰라아제,효소제,특정한 생화학 반응의 촉매 작용을 하는 식품첨가물
FA5880,헤스페리딘,영양강화제,"식품의 영양학적 품질을 유지하기 위해 제조공정 중 손실된 영양소를 복원하거나, 영양소를 강화시키는 식품첨가물"
FA5890,헥사논산에틸,향료,식품에 특유한 향을 부여하거나 제조공정 중 손실된 식품 본래의 향을 보강시키는 식품첨가물
FA5900,헥산,추출용제,유용한 성분 등을 추출하거나 용해시키는 식품첨가물
FA5910,헴철,영양강화제,"식품의 영양학적 품질을 유지하기 위해 제조공정 중 손실된 영양소를 복원하거나, 영양소를 강화시키는 식품첨가물"
FA5920,헵타논산에틸,향료,식품에 특유한 향을 부여하거나 제조공정 중 손실된 식품 본래의 향을 보강시키는 식품첨가물
FA5930,호박산,산도조절제,식품의 산도 또는 알칼리도를 조절하는 식품첨가물
FA5931,호박산,향미증진제,식품의 맛 또는 향미를 증진시키는 식품첨가물
FA5940,호박산이나트륨,산도조절제,식품의 산도 또는 알칼리도를 조절하는 식품첨가물
FA5941,호박산이나트륨,향미증진제,식품의 맛 또는 향미를 증진시키는 식품첨가물
FA5950,홍국색소,착색료,식품에 색을 부여하거나 복원시키는 식품첨가물
FA5960,홍국황색소,착색료,식품에 색을 부여하거나 복원시키는 식품첨가물
FA5970,홍화적색소,착색료,식품에 색을 부여하거나 복원시키는 식품첨가물
FA5980,홍화황색소,착색료,식품에 색을 부여하거나 복원시키는 식품첨가물
FA5990,환원철,영양강화제,"식품의 영양학적 품질을 유지하기 위해 제조공정 중 손실된 영양소를 복원하거나, 영양소를 강화시키는 식품첨가물"
FA6000,활성탄,여과보조제,불순물 또는 미세한 입자를 흡착하여 제거하기 위해 사용되는 식품첨가물
FA6010,황산,제조용제,"식품의 제조·가공 시 촉매, 침전, 분해, 청징 등의 역할을 하는 보조제 식품첨가물"
FA6020,황산나트륨,산도조절제,식품의 산도 또는 알칼리도를 조절하는 식품첨가물
FA6021,황산나트륨,영양강화제,"식품의 영양학적 품질을 유지하기 위해 제조공정 중 손실된 영양소를 복원하거나, 영양소를 강화시키는 식품첨가물"
FA6030,황산동,영양강화제,"식품의 영양학적 품질을 유지하기 위해 제조공정 중 손실된 영양소를 복원하거나, 영양소를 강화시키는 식품첨가물"
FA6031,황산동,제조용제,"식품의 제조·가공 시 촉매, 침전, 분해, 청징 등의 역할을 하는 보조제 식품첨가물"
FA6040,황산마그네슘,두부응고제영양강화제,
FA6050,황산망간,영양강화제,"식품의 영양학적 품질을 유지하기 위해 제조공정 중 손실된 영양소를 복원하거나, 영양소를 강화시키는 식품첨가물"
FA6060,황산아연,영양강화제,"식품의 영양학적 품질을 유지하기 위해 제조공정 중 손실된 영양소를 복원하거나, 영양소를 강화시키는 식품첨가물"
FA6061,황산아연,제조용제,"식품의 제조·가공 시 촉매, 침전, 분해, 청징 등의 역할을 하는 보조제 식품첨가물"
FA6070,황산알루미늄암모늄,산도조절제,식품의 산도 또는 알칼리도를 조절하는 식품첨가물
FA6071,황산알루미늄암모늄,안정제,두 가지 또는 그 이상의 성분을 일정한 분산 형태로 유지시키는 식품첨가물
FA6072,황산알루미늄암모늄,팽창제,가스를 방출하여 반죽의 부피를 증가시키는 식품첨가물
FA6080,황산알루미늄칼륨,산도조절제,식품의 산도 또는 알칼리도를 조절하는 식품첨가물
FA6081,황산알루미늄칼륨,안정제,두 가지 또는 그 이상의 성분을 일정한 분산 형태로 유지시키는 식품첨가물
FA6082,황산알루미늄칼륨,팽창제,가스를 방출하여 반죽의 부피를 증가시키는 식품첨가물
FA6090,황산암모늄,팽창제,가스를 방출하여 반죽의 부피를 증가시키는 식품첨가물
FA6100,황산제일철,영양강화제,"식품의 영양학적 품질을 유지하기 위해 제조공정 중 손실된 영양소를 복원하거나, 영양소를 강화시키는 식품첨가물"
FA6110,황산칼륨,산도조절제,식품의 산도 또는 알칼리도를 조절하는 식품첨가물
FA6120,황산칼슘,두부응고제,
FA6121,황산칼슘,산도조절제,식품의 산도 또는 알칼리도를 조절하는 식품첨가물
FA6122,황산칼슘,영양강화제,"식품의 영양학적 품질을 유지하기 위해 제조공정 중 손실된 영양소를 복원하거나, 영양소를 강화시키는 식품첨가물"
FA6130,효모,팽창제,가스를 방출하여 반죽의 부피를 증가시키는 식품첨가물
FA6140,효모추출물,향미증진제,식품의 맛 또는 향미를 증진시키는 식품첨가물
FA6150,효소분해레시틴,유화제,물과 기름 등 섞이지 않는 두 가지 또는 그 이상의 상(phases)을 균질하게 섞어주거나 유지시키는 식품첨가물
FA6160,효소분해사과추출물,산화방지제,산화에 의한 식품의 품질저하를 방지하는 식품첨가물
FA6170,효소처리루틴,산화방지제,산화에 의한 식품의 품질저하를 방지하는 식품첨가물
FA6180,효소처리스테비아,감미료,식품에 단맛을 부여하는 식품첨가물
FA6190,효소처리헤스페리딘,영양강화제,"식품의 영양학적 품질을 유지하기 위해 제조공정 중 손실된 영양소를 복원하거나, 영양소를 강화시키는 식품첨가물"
FA6200,흑당근추출색소,착색료,식품에 색을 부여하거나 복원시키는 식품첨가물
FA6210,히드록시시트로넬랄,향료,식품에 특유한 향을 부여하거나 제조공정 중 손실된 식품 본래의 향을 보강시키는 식품첨가물
FA6220,히드록시시트로넬랄디메틸아세탈,향료,식품에 특유한 향을 부여하거나 제조공정 중 손실된 식품 본래의 향을 보강시키는 식품첨가물
FA6230,히드록시프로필메틸셀룰로스,안정제,두 가지 또는 그 이상의 성분을 일정한 분산 형태로 유지시키는 식품첨가물
FA6231,히드록시프로필메틸셀룰로스,증점제,식품의 점도를 증가시키는 식품첨가물
FA6240,히드록시프로필셀룰로스,안정제,두 가지 또는 그 이상의 성분을 일정한 분산 형태로 유지시키는 식품첨가물
FA6241,히드록시프로필셀룰로스,증점제,식품의 점도를 증가시키는 식품첨가물
FA6250,히알루론산,안정제,두 가지 또는 그 이상의 성분을 일정한 분산 형태로 유지시키는 식품첨가물
FA6251,히알루론산,증점제,식품의 점도를 증가시키는 식품첨가물
