F_code,product,section,raw1,raw2,raw3,raw4,raw5,raw6,raw7,raw8,raw9,raw10,raw11,raw12,raw13,raw14,raw15,raw16,raw17,raw18,raw19,raw20,raw21,raw22,raw23,raw24,raw25,raw26,raw27,raw28,raw29,raw30,raw31,raw32,raw33,raw34,raw35,raw36,raw37,raw38,raw39,raw40,raw41,raw42,raw43,raw44,raw45,raw46,raw47
SGJG0300,감자품격트러플,전체,"혼합제제(변성전분1,덱스트린)","혼합제제(변성전분2,설탕)",서류가공품(감자후레이크(미국산)),"옥수수기름(옥배유)(옥수수:외국산(브라질,러시아,미국))",설탕,"복합조미식품(1[가공소금(미국산),유청(프랑스산)])",분말유크림,소스(표고버섯페이스트),정제소금,복합조미식품(2),향미유(디오일트러플(올리오엑스트라버진올리브오일송로버섯:이탈리아산)),유화제,산도조절제(1),"혼합제제(1(합성향료,트리아세틴,가공유지,채종유))","혼합제제(2(가공유지,합성향료))",산도조절제(2),아스파라지나아제,올레오레진로즈메리,,,,,,,,,,,,,,,,,,,,,,,,,,,,,
SGJD0900,땅콩샌드,전체,쇼트닝(1),땅콩분말(1(땅콩:중국산)),"쇼트닝(2(팜유(말레이시아산),팜핵경화유(말레이시아산)))",설탕(1),설탕(2),기타설탕,덱스트린,땅콩버터(1(땅콩:중국산)),땅콩버터(2(아르헨티나산)),포도당,기타가공품,땅콩분태(중국산),탄산수소암모늄,탄산수소나트륨,유청,물엿,정제소금,혼합제제(1),바닐린,유화제,비타민 E,밀가루(밀:미국산),제일인산칼슘,혼합제제(2),땅콩분말(2(중국산)),,,,,,,,,,,,,,,,,,,,,,
SSNS0200,못말리는 신짱,전체,밀가루,혼합식용유,백설탕,프락토올리고당,분말결정포도당,정제소금,탄산수소암모늄,벌꿀,검정깨(흑임자),조미식품(넛맥분말),탄산수소나트륨,혼합제제,조미식품(계피분말),향미증진제,,,,,,,,,,,,,,,,,,,,,,,,,,,,,,,,,
SCKB1000,버터와플,전체,밀가루(밀:미국산),가공버터,전란액(국산),정제소금,레시틴,글리세린지방산에스테르,생크림레진,생강레진,탄산수소나트륨,탄산수소암모늄,버터향,설탕,올레오레진로즈메리,혼합분유,,,,,,,,,,,,,,,,,,,,,,,,,,,,,,,,,
SGJB1500,뽀또치즈타르트,전체,쇼트닝(1),"쇼트닝(2{팜유(말레이시아산),팜핵경화유(말레이시아산)})",혼합식용유,덱스트린,기타과당,산도조절제(탄산수소암모늄),산도조절제(탄산수소나트륨),산도조절제(제1인산칼슘),기타설탕,가공연유,곡류가공품,포도당,정제소금,유청,혼합제제(1),효소제,밀가루(밀:미국산),기타가공품(1),천일염,혼합분유,기타가공품(2),체다치즈분말(네덜란드산),변성전분,크림치즈분말(크림치즈:미국산),혼합제제(3),혼합제제(2),파프리카추출색소,설탕,식물성크림,유당,혼합제제(4),,,,,,,,,,,,,,,,
SSNJ0900,죠리퐁,전체,밀쌀,백설탕,팜올레인유,기타설탕,프락토올리고당,맥아물엿,식이섬유(고시형),카라멜색소,정제소금,비타민 C,바닐린,천연바닐라 추출물,유화제,당류가공품(타피페이스트),식품첨가물혼합제제(땅콩향),비타민 A,식품첨가물혼합제제(비타민프리믹스),,,,,,,,,,,,,,,,,,,,,,,,,,,,,,
SCAC0200,참크래커,전체,쇼트닝(1),쇼트닝(2(호주산)),혼합식용유,우유,천일염,산도조절제(탄산수소나트륨),효모,곡류가공품,효소제,영양강화제,혼합분유,물엿,혼합제제,합성향료,밀가루(밀:미국산),,,,,,,,,,,,,,,,,,,,,,,,,,,,,,,,
SGJC0700,쵸코하임,전체,식물성유지(말레이시아산),설탕,유청,"혼합분유(탈지분유,유청)",유당,고지방분말,헤젤넛트페이스트,준초콜릿(영국산),올리고당,대두분,코코아분말(싱가포르산),쇼트닝,코코아매스(싱가포르산),옥수수기름(옥배유),유화제(3(자당지방산에스테르)),유화제(1(레시틴)),유화제(2(글리세린지방산에스테르)),산도조절제(1(탄산수소나트륨)),산도조절제(2(탄산수소암모늄)),덱스트린,정제소금,구아검,효소제,밀가루(밀:미국산),이소말트,헤이즐넛향,식물성유지(싱가포르산),,,,,,,,,,,,,,,,,,,,
SGJC0800,치즈샌드,전체,쇼트닝(1),"쇼트닝(2{팜유(말레이시아산),팜핵경화유(말레이시아산)})",치즈혼합분말(체다치즈:미국산),혼합식용유,산도조절제(탄산수소암모늄),산도조절제(제일인산칼슘),산도조절제(탄산수소나트륨),기타설탕,정제소금,까망베르치즈분말(덴마크산),치즈맛페이스트(체다치즈파우더:네덜란드산),DL-메티오닌,효소제,덱스트린,밀크향,치즈향(1),기타가공품(1),체다치즈분말(네덜란드산),파프리카추출색소,포도당,기타가공품(2),설탕,밀가루(밀:미국산),치즈향(2),,,,,,,,,,,,,,,,,,,,,,,
SGJK0100,카라멜콘 땅콩,전체,옥수수가루,혼합식용유,백설탕,꿀땅콩,땅콩버터,프락토올리고당,땅콩버터,캐러멜소스,결정셀룰로스,정제소금,카라멜색소 I,가공소금,합성팽창제(베이킹파우더),땅콩향(혼합제제1),캐러멜향(혼합제제2),,,,,,,,,,,,,,,,,,,,,,,,,,,,,,,,
SGJK1100,콘치 크림치즈,전체,옥수수가루,백설탕,정제가공유지,혼합식용유,탈지밀,전지밀-에스,치즈분말-디,쌀가루,정제염,결정셀룰로오스,레시틴,자당지방산에스테르,옥수수오일,글리세린지방산에스테르,치즈향,유청단백분말(WPC),경성가공치즈(크림치즈파우더),혼합제제류(밀크향),,,,,,,,,,,,,,,,,,,,,,,,,,,,,
SGJK1300,쿠크다스 화이트,전체,쇼트닝,난백액(국산),유당,가공유지(1),가공버터,혼합분유,가공유지(2),혼합제제,정제소금,산도조절제(탄산수소나트륨),유화제,가공치즈(마스카포네치즈분말),혼합식용유,기타가공품(밀크크럼),준초콜릿,혼합제제(바닐라향),혼합제제(코코넛향),바닐린,설탕,밀가루(밀:미국산),과채가공품,기타가공품,,,,,,,,,,,,,,,,,,,,,,,,,
SGJK1301,쿠크다스케이크,전체,가공유지(말레이시아산),설탕,전란액(국산),밀가루(밀:미국산),쇼트닝,물엿,혼합분유,말티톨시럽,유크림(이탈리아산),준초콜릿,곡류가공품,D-소비톨액,과채가공품,기타가공품,기타가공품(분리유단백분말),주정,가공치즈,합성팽창제,정제소금,젤라틴,혼합제제(1),합성향료,혼합제제(2),유화제,,,,,,,,,,,,,,,,,,,,,,,
SGJK1500,크라운산도 딸기,전체,밀가루(밀:미국산),"쇼트닝(팜유(말레이시아산),팜핵경화유(말레이시아산))",포도당,설탕,쇼트닝,기타설탕,덱스트린,전란액,혼합식용유,기타가공품(가공전지분),물엿,딸기분말(국산),정제소금,탄산수소암모늄,탄산수소나트륨,구연산,제일인산칼슘,기타가공품(가공유장분),유화제,가공치즈(마스카포네치즈분말),혼합제제(1),혼합제제(2),프로테아제(세균성)(효소제),합성향료,혼합제제(3),바닐린,,,,,,,,,,,,,,,,,,,,,
SGJK1501,크라운산도 초코,전체,밀가루(밀:미국산),"준초콜릿(다크초콜릿스프레드[설탕,혼합식용유{채종유(호주산),경화유},채종유(호주산),코코아분말(말레이시아산),탈지분유)","기타설탕(설탕,전분)",설탕,쇼트닝,쇼트닝,기타가공품(가공유장분),전란액,혼합식용유,기타가공품(탈지밀),기타가공품(가공전지분),초콜릿(다크초콜릿컬(벨기에산)),물엿,탄산수소암모늄,탄산수소나트륨,제일인산칼슘,정제소금,유화제,"혼합제제(효모,밀가루)",프로테아제(세균성)(효소제),천연향료(바닐라추출물),"혼합제제(정제가공유지,합성향료)","혼합제제(프로필렌글리콜,바닐라오일)","혼합제제(프로필렌글리콜,카카오추출물,정제수,포도당시럽,에틸바닐린)",바닐린,,,,,,,,,,,,,,,,,,,,,,
SGJK1502,크라운산도 크림,전체,밀가루(밀:미국산),포도당,"쇼트닝(팜유(말레이시아산),팜핵경화유(말레이시아산))",설탕,쇼트닝,기타설탕,기타가공품(가공유장분),전란액,혼합식용유,기타가공품(리얼밀크파우더{유크림(이탈리아산)}),기타가공품(가공전지분),물엿,가공치즈(마스카포네치즈분말),탄산수소암모늄,탄산수소나트륨,제일인산칼슘,구연산,기타가공품(탈지밀),과채가공품,정제소금,유화제,"혼합제제(효모,밀가루)",프로테아제(세균성)(효소제),"혼합제제(프로필렌글리콜,바닐라오일)","혼합제제(정제가공유지,합성향료)","혼합제제(합성향료,프로필렌글리콜)",바닐린,천연향료(바닐라추출물),,,,,,,,,,,,,,,,,,,
SGJK1600,크라운츄러스,전체,밀가루,혼합식용유,갈색설탕,백설탕,곡류가공품(곡물분말),당시럽류(메이플시럽),조미식품(계피분말),정제소금,탄산수소암모늄,탄산수소나트륨,가공소금,식품첨가물혼합제제(메이플향),,,,,,,,,,,,,,,,,,,,,,,,,,,,,,,,,,,
SWFH0500,화이트하임,전체,식물성유지(말레이시아산),설탕,기타가공품,유청,고지방분말,유당,헤젤넛트페이스트,올리고당,대두분,쇼트닝,옥수수기름(옥배유),산도조절제(1(탄산수소나트륨)),산도조절제(2(탄산수소암모늄)),유화제(3(자당지방산에스테르)),유화제(1(레시틴)),유화제(2(글리세린지방산에스테르)),"혼합분유(네덜란드산:탈지분유,유청)",덱스트린,정제소금,구아검,효소제,밀가루(밀:미국산),헤이즐넛향,이소말트,밀크향,식물성유지(싱가포르산),,,,,,,,,,,,,,,,,,,,,
SBSG1000,구운감자,전체,전분가공품(감자전분플러스),전분가공품(프리씨사 크리스프 7310 에이치(타피오카 알파 전분)),식물성유지(혼합팜유),서류가공품(감자분말),곡류가공품(소프트텐),마가린,쇼트닝,기타전분(MERITENA 200),백설탕,전분가공품(찰옥수수전분),당류가공품(카라멜리본),가공연유(밀키페이스트),탄산수소암모늄,정제소금,천일염(머메이드 프리미엄 솔트),곡류가공품(아미글루텐),제삼인산나트륨,감자향분말,당류가공품(크림농축분말),탄산수소나트륨,레시틴,L-라이신염산염,구아검,식용유지류(프라임스팀드포테토후레바),제일인산칼슘,아스파라지나아제(Acrylaway L),정제수,,,,,,,,,,,,,,,,,,,,
SGJE0300,딸기웨하스,전체,밀가루(소맥분),쇼트닝,기타설탕(고화방지분당),분말결정포도당(포도당),유청단백분말(힐마 8000),과채가공품(진공동결건조딸기분말),탄산수소암모늄,전란분,정제소금,탄산수소나트륨,식품첨가물(에스와이 레드 오일 K-3590),합성향료(딸기향 SE-918B),레시틴,구연산,,,,,,,,,,,,,,,,,,,,,,,,,,,,,,,,,
SGJM0300,맛동산,전체,밀가루(강력분),혼합식용유,갈색설탕,물엿,땅콩분태,곡류가공품(볶음소맥분),난백액,D-소비톨,가공연유(밀키페이스트),효모(생이스트),기타가공품(가공탈지분HT),쇼트닝(팜쇼트닝),난황액,정제소금,탄산수소암모늄,곡류가공품(다이엑스),탄산칼슘,프로테아제(USP-5 NAS),기타가공품(유산균),,,,,,,,,,,,,,,,,,,,,,,,,,,,
SGJB0900,빠삭한닭칩 후라이드치킨맛,전체,밀가루(소맥분),혼합식용유,양념육(치킨스낵용반죽),혼합제제(아베베 에스피2),복합조미식품(후라이드치킨맛시즈닝),설탕(백설탕),곡류가공품(치킨스낵용배터믹스),변성전분(바카-스낵),소스(치킨농축액),정제소금,탄산수소나트륨,L-주석산수소칼륨,염화암모늄,혼합가공치즈(체다치즈분말),산성피로인산나트륨,향미증진제(핵산IG),,,,,,,,,,,,,,,,,,,,,,,,,,,,,,,
SSNB1100,빠새(빠삭한새우칩),전체,소맥분,혼합식용유,냉동새우,혼합제제(아베베 에스피2),복합조미식품(구운새우맛씨즈닝),쌀가루,백설탕,건조감자분말,증숙감자,혼합가공치즈(체다치즈분말),새우분말,정제소금,탄산수소나트륨,향미증진제(핵산IG),L-주석산수소칼륨,염화암모늄,산성피로인산나트륨,정제수,,,,,,,,,,,,,,,,,,,,,,,,,,,,,
SGJS0500,사브레,전체,밀가루,기타설탕(고화방지분당),쇼트닝(JS쇼트닝),전란액,가공버터,탄산수소암모늄,탄산수소나트륨,크림소다분말,기타가공품(가공탈지분-HT),레시틴,정제소금,밀크향(SK-7681),당류가공품(크림익스트랙트),바닐라향(SK-B8503),바닐린,,,,,,,,,,,,,,,,,,,,,,,,,,,,,,,,
SGJS1400,신당동 장독대를 뛰쳐나온 떡볶이 총각의 맛있는 프로포즈,전체,밀가루(박력밀가루),갈색설탕,혼합식용유,물엿,기타가공품(떡볶이맛시즈닝),쌀가루,고추장,포도당,탄산수소암모늄,파프리카추출색소,정제소금,탄산수소나트륨,파슬리플레이크(파슬리후레이크),크레카향,훈연향,바이오발효헥산(바이오발효핵산(I+G)),,,,,,,,,,,,,,,,,,,,,,,,,,,,,,,
SBSE0900,에이스,전체,정제수,밀가루,쇼트닝,혼합식용유,백설탕,곡류가공품,탄산수소암모늄,분말결정포도당,조제분,전지분유,정제소금,가공유크림(분말유크림),탄산수소나트륨(팽창제),제일인산칼슘(영양강화제),밀크향,Prozyme500,Maxazyme NNP-DS,비타민 B2,소프트텐,조제분,Prozyme500,Mazazyme NNP DS,비타민B1염산염(고시형),천일염,,,,,,,,,,,,,,,,,,,,,,,
SGJE2000,오사쯔,전체,기타가공품(오사쯔파스타),혼합식용유,복합조미식품(고구마맛시즈닝-1),야자유,고구마향,,,,,,,,,,,,,,,,,,,,,,,,,,,,,,,,,,,,,,,,,,
SGJJ0300,자가비 짭짤한 맛,전체,냉동감자,혼합식용유,복합조미식품(짭짤한 맛 시즈닝 B),d-토코페롤(혼합형),,,,,,,,,,,,,,,,,,,,,,,,,,,,,,,,,,,,,,,,,,,
SGJK0400,칸츄리콘(콘버터맛),전체,옥수수가루,혼합식용유,혼합제제(아베베 에스피2),복합조미식품(콘버터맛시즈닝),밀가루,백설탕,정제소금,탄산수소나트륨,말티톨시럽,마가린,L-주석산수소칼륨,염화암모늄,치자황색소,산성피로인산나트륨,바이오발효핵산(바이오발효핵산(I+G)),,,,,,,,,,,,,,,,,,,,,,,,,,,,,,,,
SGJE0301,크림웨하스,전체,밀가루(소맥분),쇼트닝,기타설탕(고화방지분당),분말결정포도당(포도당),기타가공품(조제분),유청단백분말(힐마8000),탄산수소암모늄,전란분,기타가공품(생크림분말-HT),정제소금,탄산수소나트륨,합성향료(크림향),레시틴,합성향료(레몬향),바닐린,합성향료(바나나향),,,,,,,,,,,,,,,,,,,,,,,,,,,,,,,
SGJT1000,포키딸기,전체,식물성크림(에스크림),강력분,백설탕,과채가공품(동결건조딸기분말),과채가공품(동결건조딸기과립),쇼트닝,전지분유,곡류가공품(맥아엑기스),전분가공품(Preparation K-22),정제소금,효모(생이스트),버터,제3인산나트륨,합성향료(딸기향2),합성향료(딸기향1),합성향료(딸기향3),탄산수소나트륨,DL-사과산,합성향료(바닐라향1),안나토색소,구연산,정제효소제(프로픽스 100),,,,,,,,,,,,,,,,,,,,,,,,,
SGJH0200,허니버터칩,전체,감자,복합조미식품(허니버터 맛 시즈닝),혼합식용유,,,,,,,,,,,,,,,,,,,,,,,,,,,,,,,,,,,,,,,,,,,,
SGJH0300,홈런볼 무지방 우유,전체,전란액,식물성크림(밀크크림),마가린,밀가루,난백액,찰옥수수알파전분,무지방우유,글리세린지방산에스테르,정제소금,탄산수소암모늄,탄산수소나트륨,레시틴,바닐라향,비타민 B2,정제수,기타가공품,,,,,,,,,,,,,,,,,,,,,,,,,,,,,,,
SBSH0800,후렌치파이딸기,전체,밀가루,마가린,백설탕,물엿,밀가루,함수결정포도당,가당딸기,가당사과,비엘마아가린,혼합식용유,정제소금,쇼트닝,레시틴,로커스트콩검,딸기향,결정구연산,적양배추색소,잔탄검,펙틴,아미드펙틴,레드칼라,정제수,,,,,,,,,,,,,,,,,,,,,,,,,
SBSH0801,후렌치파이사과,전체,밀가루,마가린,가당사과,백설탕,밀가루,물엿,비엘마아가린,혼합식용유,정제소금,쇼트닝,레시틴,펙틴,로커스트콩검,결정구연산,혼합제제(사과향(사과오일)),잔탄검,아미드펙틴,정제수,,,,,,,,,,,,,,,,,,,,,,,,,,,,,
SGJG1400,꼬깔콘 고소한 맛,전체,"옥수수(씨,제한적사용)",혼합식용유,백설탕,정제염,탄산수소나트륨,복합조미식품(플러스고소한맛씨즈닝),,,,,,,,,,,,,,,,,,,,,,,,,,,,,,,,,,,,,,,,,
SGJG1401,꼬깔콘군옥수수맛,전체,"옥수수(씨,제한적사용)",혼합식용유,씨즈닝(플러스 로스트콘맛씨즈닝),백설탕,정제염,탄산수소나트륨,,,,,,,,,,,,,,,,,,,,,,,,,,,,,,,,,,,,,,,,,
SGJG1402,꼬깔콘매콤달콤한맛,전체,"옥수수(씨,제한적사용)",혼합식용유,매콤달콤한맛씨즈닝,백설탕,정제소금,탄산수소나트륨,,,,,,,,,,,,,,,,,,,,,,,,,,,,,,,,,,,,,,,,,
SGJE0200,더욱 달콤하고 바삭해진 엄마손파이,전체,"밀가루(강력, 박력)","마가린(가공유지(경화유; 팜스테아린에스테르화유,대두유))","백설탕(정백당, 쌍백당)","혼합분유(SP8812(탈지분유,유청분말))","가공버터(가공버터,팜스테아린유,가공버터,유크림,팜유,가공유크림,혼합분유,채종경화유,레시틴,글리세린지방산에스테르)",기타가공품(밀크베이스 KSA104),정제소금,"기타가공품(맥아추출분말,감초추출물)",벌꿀(아카시아벌꿀),팜추출물,,,,,,,,,,,,,,,,,,,,,,,,,,,,,,,,,,,,,
SCKM0100,더욱 커지고 맛있어진 마가렛트,전체,밀가루,빵류(케익분말),쇼트닝(Ⅰ),백설탕,물엿,전란액,가공버터,땅콩,글리세린,기타가공품(전지분골드Ⅰ),D-소르비톨액,쇼트닝(Ⅱ),당류가공품,주정,정제소금,혼합제제(H50K),혼합제제(베이킹파우더),탄산수소나트륨,레시틴,혼합분유,기타가공품(밀크베이스),바닐라향(HL-00425),탄산수소암모늄,버터향(FN11C),팜추출물,,,,,,,,,,,,,,,,,,,,,,
SCKD0800,딸기잼쿠키,전체,밀가루,잼,백설탕,마가린,전란액,식물성크림(엑스트라골드),물엿,혼합제제(베이킹파우다에이-300),탄산수소나트륨,정제소금,혼합제제(엑시드-C),,,,,,,,,,,,,,,,,,,,,,,,,,,,,,,,,,,,
SSNL0200,롯샌 화이트크림깜뜨,전체,정제수,밀가루,기타설탕(분당),쇼트닝(Palkerin LS-5B),식물성유지(분무유400),설탕,유당,포도당(분말결정포도당),코코아분말(DF 800-11B),기타가공품(전지분골드 I),준초콜릿(GPD-4036),덱스트린,전분가공품,산도조절제(탄산수소나트륨),정제소금,산도조절제(탄산수소암모늄),산도조절제(산성피로인산나트륨),기타가공품(밀크베이스),레시틴,바닐린,유화제,혼합제제(초코향),혼합제제(바닐라향),,,,,,,,,,,,,,,,,,,,,,,,
SGJL0201,롯샌파인애플,전체,정제수,밀가루,식물성유지(분무유400),포도당(분말결정포도당),쇼트닝(Palkerin LS-5B),기타설탕(분당),설탕,유당,기타가공품(전지분골드 I),기타과당,정제소금,산도조절제(탄산수소나트륨),과채가공품(파인애플과즙분말),혼합제제(파인애플향),레시틴,산도조절제(탄산수소암모늄),바닐린,구연산,DL-사과산,유화제(자당지방산에스테르 SE-90),기타가공품(팜추출물),,,,,,,,,,,,,,,,,,,,,,,,,,
SBSB0700,빠다코코낫,전체,밀가루(중력),설탕,혼합식용유(분무유800),쇼트닝(팜쇼트닝),과채가공품(가당볶음코코낫분말),탄산수소암모늄(산도조절제 Ⅰ),전분(옥수수전분),버터(락틱버터),정제소금,기타과당(기타과당),탄산수소나트륨(산도조절제 Ⅱ),기타가공품(리코리즈졸),혼합제제(버터향(SK-D1170)),산성아황산나트륨(산화방지제),팜추출물(기타가공품3),정제수,,,,,,,,,,,,,,,,,,,,,,,,,,,,,,,
SGJB1300,뻥소리,전체,옥수수,백설탕,물엿,마가린,황백당,무염가공버터,땅콩버터,소금,버터페이스트,레시틴,치자황색소,코치닐추출색소,,,,,,,,,,,,,,,,,,,,,,,,,,,,,,,,,,,
SCAE0800,야채크래커,전체,정제수,밀가루,과채가공품(양파퓨레),쇼트닝(쇼트닝500LT),팜유(분뮤유400),설탕,소스류(바베큐맛페이스트),천일염,산도조절제(탄산수소암모늄),과채가공품(혼합야채분말),복합조미식품(복합간장맛분말),정제소금,산도조절제(탄산수소나트륨),산도조절제(제일인산칼슘),혼합제제(고로케향),레시틴,혼합제제(로스티드어니언향),천연향신료(백후추분),식품첨가물(아크릴어웨이 L),식품첨가물(프로테아제 200),식품첨가물(콤비자임 275MDP),식품첨가물(파파인 6000L),,,,,,,,,,,,,,,,,,,,,,,,,
SGJJ0600,제크,전체,밀가루(박력),혼합식용유(분무유800),쇼  트  닝Ⅰ(삼강쇼트닝 500),설탕,기타과당(액상과당),탄산수소암모늄(산도조절제1),제일인산칼슘(산도조절제2),쇼  트  닝Ⅱ(팜쇼트닝),탄산수소나트륨(산도조절제3),천일염(편상염),곡류가공품(맥아분말),기타소금(셀루살고운소금(안데스 소금)),유가공품(체다치즈분말),레  시  틴,혼합제제(크림치즈향SK-G4461),효소제(combizyme 275 MDP),효소제(protease 200),정제수,,,,,,,,,,,,,,,,,,,,,,,,,,,,,
SGJJ0601,제크샌드 콘버터맛,전체,밀가루,쇼트닝(Palkerin Ls-58),"쇼트닝(삼강쇼트닝500LT, 업체:롯데푸드)","가공유지(분무유400, 업체:롯데푸드)",포도당(함수분말결정포도당),기타설탕(분당),혼합분유,설탕,복합조미식품(콘버터맛혼합분말),곡류가공품(밀단백질),유당,기타과당(액상과당),산도조절제(제일인산칼슘),산도조절제(탄산수소암모늄),쇼트닝(팜쇼트닝),기타소금(살루살 고운소금),산도조절제(탄산수소나트륨),기타가공품(전지분골드),곡류가공품(Malto Flour),합성향료(콘버터향),레시틴,합성향료(사워크림향),효소제제혼합제제(아밀라아제),효소제제혼합제제(프로테아제),,,,,,,,,,,,,,,,,,,,,,,
SGJC1000,치토스 스모키바베큐맛,전체,"옥수수(씨, 제한적사용)",식물성유지,복합조미식품(스모키바베큐맛씨즈닝),쌀(쌀그릿츠),곡류가공품(밀단백질),,,,,,,,,,,,,,,,,,,,,,,,,,,,,,,,,,,,,,,,,,
SGJC1101,치토스매콤달콤한맛,전체,"옥수수(씨, 제한적사용)",식물성유지,복합시즈닝(HOT SWEET TASTE POWDER 3),쌀(쌀그릿츠),곡류가공품(밀단백질),,,,,,,,,,,,,,,,,,,,,,,,,,,,,,,,,,,,,,,,,,
SGJC1200,칙촉,전체,밀가루,가공버터(발효가공버터),초콜릿(초콜릿칩),초콜릿(초콜릿칩),"기타설탕(원당, 흑당)",초콜릿,초콜릿,"당류가공품(스위트시럽(슈가시럽, 산도조절제))",전란액,마가린,혼합분유,과채가공품(엑스트라파인(코코넛100%)),폴리글리시톨시럽(물엿100%),글리세린,산도조절제(탄산수소나트륨),혼합제제(H50K),산도조절제(산성피로인산나트륨),산도조절제(탄산수소암모늄),정제소금,레시틴,글리세린지방산에스테르,기타가공품(계피분말),,,,,,,,,,,,,,,,,,,,,,,,,
SGJC1201,칙촉 더블초코,전체,밀가루,마가린(그랜드마가린에스비),당류가공품(스위트시럽),혼합분유,화이트초콜릿(화이트초콜릿칩),초콜릿(초콜릿칩),초콜릿,전란액,가공연유(밀키유),설탕,코코아분말,혼합제제(H50K),산도조절제(탄산수소나트륨),커피,정제소금,합성향료(바닐라향),레시틴,,,,,,,,,,,,,,,,,,,,,,,,,,,,,,
SGJC1202,칙촉 티라미수,전체,식물성크림(크림치즈칩),밀가루,마가린(그랜드마가린SB),당류가공품,폴리글리시톨시럽,가공연유,전란액,혼합분유,설탕,화이트초콜릿,코코아분말,글리세린,혼합제제,산도조절제(탄산수소나트륨),커피분말,합성향료,자당지방산에스테르,정제소금,레시틴,,,,,,,,,,,,,,,,,,,,,,,,,,,,
SGJK0200,카스타드,전체,전란액(전란액 I),설탕,밀가루,D-소르비톨액,쇼트닝(쇼트닝1),쇼트닝(쇼트닝2),기타가공품(기타가공품1),전란액(전란액 II),물엿,마가린,미강유(현미유),기타가공품(기타가공품2),글리세린,주정,기타 식용유지가공품,기타엿,기타가공품(기타가공품3),식물성크림,난황분,기타과당,우유,정제수,유크림,혼합제제(혼합제제1),당시럽류,기타가공품(기타가공품4),정제소금,과실주,합성향료,기타가공품(기타가공품5),혼합제제(혼합제제2),,,,,,,,,,,,,,,,
SBSB0701,흑당 빠다코코낫,전체,밀가루 ,설탕,쇼트닝,식물성유지,흑당시럽,가공연유,흑설탕,가당볶음코코넛분말,기타가공품,전분(옥수수전분),정제소금,코코아분말,산도조절제,버터,산도조절제,합성향료,산성아황산나트륨,,,,,,,,,,,,,,,,,,,,,,,,,,,,,,
SGJG0100,감자깡,전체,소맥분,증숙감자,옥수수전분,미강유,팜유,비프맛베이스조미분말,바베큐맛조미분말,양파,,,,,,,,,,,,,,,,,,,,,,,,,,,,,,,,,,,,,,,
SGJG0500,고구마깡,전체,밀가루,증숙고구마,짭짤한맛조미분말,미강유,팜유,백설탕,프락토올리고당,검정깨(흑임자),정제염,고구마향,옥수수전분,정제수,,,,,,,,,,,,,,,,,,,,,,,,,,,,,,,,,,,
SGJG1600,꿀꽈배기,전체,곡류가공품(꿀꽈배기 반제품),미강유(현미유),팜유,백설탕,벌꿀(아카시아꿀),감초농축액,현미조청,정제소금,벌꿀향,소스류(발효얼음골사과농축액),합성향료(사과향),정제수,,,,,,,,,,,,,,,,,,,,,,,,,,,,,,,,,,,
SGJD0100,닭다리후라이드치킨,전체,소맥분,기타전분(옥수수전분),증숙감자,식육추출가공품(치킨추출농축액NS),감자분말,정제소금(정제염),기타가공품(빵가루),채종유(유채유또는카놀라유)(카놀라유),팜유,기타가공품(후라이드치킨시즈닝),식품첨가물혼합제제(타피오카산화전분(혼합제제)),,,,,,,,,,,,,,,,,,,,,,,,,,,,,,,,,,,,
SSNS0100,매운새우깡,전체,쉬림프크래커,미강유,팜유,매운맛시즈닝,풍미유(매콤한풍미유),,,,,,,,,,,,,,,,,,,,,,,,,,,,,,,,,,,,,,,,,,
SGJB0400,바나나킥,전체,곡류가공품(콘밀),당류(정백당),미강유(현미유)(미강유),과채가공품(바나나분말),팜유류(팜유),유가공품(탈지분유),알가공품(난백분),정제소금(정제염),식품첨가물혼합제제(바나나향),식품첨가물혼합제제(분말바나나향),식품첨가물혼합제제(바나나컴파운드향),천연향신료(강황분말),정제수(정제수),,,,,,,,,,,,,,,,,,,,,,,,,,,,,,,,,,
SGJB1200,벌집핏자,전체,소맥분,소스류(바베큐시즈닝페이스트),기타가공품(복합비프맛조미분말),팜유,미강유,기타가공품(피자시즈닝분말),옥수수전분,,,,,,,,,,,,,,,,,,,,,,,,,,,,,,,,,,,,,,,,
SSNS0101,새우깡,전체,곡류가공품(새우깡반제품-1),미강유,팜유,향미유(새우풍미유),기타가공품(염미시즈닝-1),,,,,,,,,,,,,,,,,,,,,,,,,,,,,,,,,,,,,,,,,,
SGJS0102,쌀새우깡,전체,곡류가공품(쌀새우깡반제품),미강유,팜유,향미유(새우풍미유),기타가공품(마요네즈와사비맛조미분),,,,,,,,,,,,,,,,,,,,,,,,,,,,,,,,,,,,,,,,,,
SGJE0600,알새우칩,전체,서류가공품(새우크래커),미강유(현미유)(미강유),팜유,기타가공품(새우맛시즈닝),,,,,,,,,,,,,,,,,,,,,,,,,,,,,,,,,,,,,,,,,,,
SGJE2200,오징어집 버터구이맛,전체,옥수수전분,오징어육반제품,오징어페이스트,조미분말-적,조미분말-원,미강유,팜유,버터구이오징어맛시즈닝,소맥분,,,,,,,,,,,,,,,,,,,,,,,,,,,,,,,,,,,,,,
SGJE2400,옥수수깡,전체,곡류가공품(콘밀3호),미강유(현미유)(미강유),백설탕(정백당),곡류가공품(콘밀5호),정제팜유,밀가루(소맥분박력1급),복합조미식품(군옥수수맛시즈닝),곡류가공품(로스티드스위트콘파우더),혼합제제(옥수수깡베이스혼합분),혼합제제(군옥수수향),혼합제제(브라운칼라1203),버터(버터(무가염)),정제수,,,,,,,,,,,,,,,,,,,,,,,,,,,,,,,,,,
SGJE2800,인디안밥,전체,옥수수펠렛,팜유,미강유,스위트콘시즈닝,,,,,,,,,,,,,,,,,,,,,,,,,,,,,,,,,,,,,,,,,,,
SSNJ0400,자갈치문어맛,전체,옥수수전분,조기연육,군어육조미분말,구수한맛조미분말,미강유,팜유,문어향150,소고기매운맛분말,소맥분,알파미분,식품첨가물혼합제제(타피오카산화전분(혼합제제)),,,,,,,,,,,,,,,,,,,,,,,,,,,,,,,,,,,,
SGJJ0800,조청유과,전체,곡류가공품(쌀가루),미강유,백설탕(정백당),팜유류(정제팜유),기타전분(찰옥수수전분),기타전분(소맥전분),갈색설탕(정제중백당),전분가공품(알파옥수수전분),프락토올리고당(올리고당),복합조미식품(스위트조미분말),밀가루(소맥분박력1급),기타가공품(참깨),물엿(현미조청),정제소금(정제염),정제수,,,,,,,,,,,,,,,,,,,,,,,,,,,,,,,,
SSNJ1800,쫄병 매콤한맛,전체,소맥분,팜유,옥수수전분,백설탕,정제소금,효소처리스테비아,글리신,소스류(떡볶이페이스트),감자전분,식품첨가물혼합제제(천연겔),기타가공품(매콤한맛조미분말),,,,,,,,,,,,,,,,,,,,,,,,,,,,,,,,,,,,
SGJT0700,포스틱,전체,곡류가공품(포스틱반제품),미강유,팜유,기타가공품(감자비프맛시즈닝),,,,,,,,,,,,,,,,,,,,,,,,,,,,,,,,,,,,,,,,,,,
SGJT1100,포테토칩 육개장사발면맛,전체,감자(생감자),미강유(현미유)(미강유),팜유류(팜유),복합조미식품(육개장사발면맛시즈닝),,,,,,,,,,,,,,,,,,,,,,,,,,,,,,,,,,,,,,,,,,,
SGJT1200,프레첼 솔티카라멜맛,전체,곡류가공품(콘밀),미강유,백설탕(정백당),기타설탕(흑설탕),소맥분,소스류(카라멜페이스트),팜유,버터,가당연유,분말유크림,전지분유,정제소금(정제염),식품첨가물혼합제제(브라운칼라),기타가공품(후레바부스트),카라멜향,정제수,가공소금(크래커솔트),결정셀룰로스,,,,,,,,,,,,,,,,,,,,,,,,,,,,,
SGJG0600,고래밥 볶음양념,전체,밀가루,곡류가공품(알파옥수수분말),변성전분(PERFECTAMYL-AC),식물성유지(엠제이쇼트닝),복합조미식품(볶음양념맛씨즈닝),식물성유지(비스킷혼합유),갈색설탕,백설탕,복합조미식품(유단백혼합분말),전분,소스(바베큐양념페이스트),복합조미식품(혼합치즈분말),기타가공품(패각칼슘),식염,산도조절제(탄산수소나트륨),유화제(레시틴),,,,,,,,,,,,,,,,,,,,,,,,,,,,,,,
SGJG0700,고소미,전체,소맥분,백설탕,쇼트닝,기타가공품(가당코코넛분말),식물성유지(야자유),참깨,유청분말,전지분유,가공유지(정제가공유지(카라부타 : Palm oil 100%)),탄산암모늄(중탄산암모늅),정제소금,포도당,탄산수소나트륨,"곡류가공품(베스트원(소맥분 60%, 찹쌀 30%, 전분 10%))",가공소금(조미염),코코넛향,밀크향(KJ6514Z),잔탄검,산성아황산나트륨,기타가공품(패각칼슘),경성가공치즈(카멘베르치즈분말),,,,,,,,,,,,,,,,,,,,,,,,,,
SGJG1500,꼬북칩 달콤한 콩가루 인절미맛,전체,밀가루,식물성유지(혼합유일구),복합조미식품(인절미맛 씨즈닝),백설탕,땅콩버터,땅콩페이스트,볶은콩가루,식염,곡류가공품(리골레토),인절미향,,,,,,,,,,,,,,,,,,,,,,,,,,,,,,,,,,,,,
SGJG1501,꼬북칩 콘스프맛,전체,과자류(꼬북칩펠렛),식물성유지,복합조미식품(콘스프맛시즈닝),,,,,,,,,,,,,,,,,,,,,,,,,,,,,,,,,,,,,,,,,,,,
SGJM0900,미쯔블랙,전체,밀가루,백설탕,마가린,코코아가공품류(화이트초코칩),설탕(쌍백당),옥수수가루,탈지분유,코코아분말,식물성유지,과당,유청분말,코코아분말(D11A),코코아매스(LS36),식염,탄산수소암모늄,레시틴,탄산수소나트륨,바닐린,계피가루,,,,,,,,,,,,,,,,,,,,,,,,,,,,
SGJB0600,배배,전체,영양강화밀가루,백설탕,식물성유지(알프스),난백,전지분유,유크림,난황액,식염,버터향,바닐라향,탄산수소나트륨,산도조절제(제1인산칼슘),잔탄검,,,,,,,,,,,,,,,,,,,,,,,,,,,,,,,,,,
SGJS1200,스윙칩 볶음고추장맛,전체,감자,혼합식용유,볶음고추장맛씨즈닝,,,,,,,,,,,,,,,,,,,,,,,,,,,,,,,,,,,,,,,,,,,,
SGJE1100,예감,전체,감자분말(opc 36.0228 % + solan 16.3740 %),식물성유지(피씨에스프리),전분가공품(x pand),식물성유지(혼합유),백설탕,전분가공품(ULTRA CRISP CS),알파옥수수분말,복합조미식품(감자맛분말),복합조미식품(유단백혼합분말),산도조절제(탄산수소나트륨),복합조미식품(조미염),산도조절제(제일인산칼슘),식염(한주소금),전지분유,복합조미식품(찐감자맛분말),아스파라지나아제(효소제),합성향료(감자향),,,,,,,,,,,,,,,,,,,,,,,,,,,,,,
SGJE1101,예감 볶은양파맛,전체,감자분말,감자분말,쇼트닝(피씨에스프리),전분가공품(X-pand),백설탕,혼합식용유(비스킷혼합유),복합조미식품(볶은양파맛씨즈닝),전분가공품(ULTRA CRISP CS),알파옥수수분말,복합조미식품(유단백혼합분말),산도조절제(탄산수소나트륨),산도조절제(제1인산칼슘),전지분유,복합조미식품(찐감자맛분말),식염,기타가공품(프라이드오니언),건파(건파플레이크),아스파라지나아제(효소제),,,,,,,,,,,,,,,,,,,,,,,,,,,,,
SGJE1102,예감치즈그라탕맛,전체,감자분말(opc 29.2765 % + solan 21.6026 %),식물성유지(피씨에스프리),전분가공품(X-pand),백설탕,식물성유지(혼합유),복합조미식품(치즈그라탕시즈닝),전분가공품(ULTRA CRISP CS),알파옥수수분말,감자맛분말,유단백혼합분말,전지분유,유미분,경성가공치즈(130207),산도조절제(탄산수소나트륨),혼합제제(purac powder),찐감자맛분말,식염,아스파라지나아제(효소제),,,,,,,,,,,,,,,,,,,,,,,,,,,,,
SGJE1200,오!감자 감자그라탕맛,전체,감자플레이크,식물성유지,변성전분,감자그래뉼,복합조미식품(그라탕씨즈닝),감자전분,소금,감자향분말,효소,,,,,,,,,,,,,,,,,,,,,,,,,,,,,,,,,,,,,,
SGJE1201,오!감자 찍먹 양념바베큐소스맛,전체,"혼합식용유(팜올레인유 90%, 해바라기유 10%)",감자플레이크,감자전분,감자그래뉼,변성전분,그라탕씨즈닝,소금,감자향분말,효소,,,,,,,,,,,,,,,,,,,,,,,,,,,,,,,,,,,,,,
SBSE1400,오뜨 치즈,전체,밀가루,전란액,식물성크림(소프트오뜨크림),기타설탕,마가린(오리온마가린300),백설탕,전지분유,식물성유지(PMF),가공치즈(까망베르치즈분말),과채가공품(코코넛분말),물엿,혼합제제(베이킹파우더),주정,가공치즈(체다치즈분말),합성향료(크림치즈향1370001A),합성향료(스위스치즈향),합성향료(치즈향 fl zk0231),합성향료(레몬향 17024106),식염,과채가공품(레몬과즙),잔탄검,,,,,,,,,,,,,,,,,,,,,,,,,,
SGJE2100,오징어땅콩,전체,가공땅콩,박력분,찰옥수수전분,찰옥수수전분,혼합식용유,물엿,Amyda sinensis,오징어채,탄산수소암모늄,맛식염,소금,새우엑기스,안나토색소,백설탕,,,,,,,,,,,,,,,,,,,,,,,,,,,,,,,,,
SGJG0701,왕고래밥볶음양념맛,전체,밀가루,곡류가공품(알파옥수수분말),변성전분(PERFECTAMYL-AC),식물성유지(엠제이쇼트닝),복합조미식품(볶음양념맛씨즈닝),식물성유지(비스킷혼합유),갈색설탕,백설탕,복합조미식품(유단백혼합분말),전분,소스류(바베큐양념페이스트),복합조미식품(혼합치즈분말),기타가공품(패각칼슘),식염,산도조절제(탄산수소나트륨),유화제(레시틴),,,,,,,,,,,,,,,,,,,,,,,,,,,,,,,
SGJC0500,초코칩쿠키,전체,영양강화밀가루,부분경화유(TY쇼트닝),준초콜릿(꼬깔칩),설탕,전란,물엿,가공연유(만자르),탄산수소나트륨,탄산수소암모늄,체다치즈분말,바닐린,식염,버터오일(언하이드로밀크팻),코코아향,레시틴,크래커향(그래함 크래커향),,,,,,,,,,,,,,,,,,,,,,,,,,,,,,,
SGJC0600,촉촉한초코칩,전체,밀가루,초콜릿(리얼초코칩),쇼트닝(알프스B쇼트닝),물엿,전란액,전지분유,백설탕,코코아분말(D11A),코코아분말(GD81),당류가공품(골든시럽),식염,기타가공품(밀크초코크럼5010),합성향료(바닐라향),합성향료(바닐린),잔탄검,혼합제제(밀크향K-18758),,,,,,,,,,,,,,,,,,,,,,,,,,,,,,,
SGJC0900,치킨팝,전체,옥수수가루,혼합식용유,닭강정소그,백설탕,감자플레이크,쌀가루,쌀조청,핫앤스위트씨즈닝,치킨맛분말,볶은참깨,,,,,,,,,,,,,,,,,,,,,,,,,,,,,,,,,,,,,
SGJK0201,카스타드,전체,밀가루,설탕,난백액,옥수수기름(옥배유),난황액,쇼트닝(k2),D-소비톨,물엿,유화제(엑셀스폰지),이소말토올리고당,식물성유지(BBS),전지분유,난황분,주정,유화제(Rikemal PGV100),덱스트린,유화제(Rikemal P),옥수수기름(옥배유)(그리징 오일),레시틴,식염,바닐라향(D733K),베이킹파우더,잔탄검,카스타드향(SW4817),바닐라향오일(D940951),글리세린지방산에스테르,팜추출물,,,,,,,,,,,,,,,,,,,,
SGJK0300,카카오비스킷 오리온샌드 까메오 White cream,전체,밀가루,백설탕,식물성유지(알프스(엠제이)쇼트닝),식물성유지(비비에스프리(크림)쇼트닝),코코아분말(500-DP-11),유당,포도당(함수결정포도당),옥수수전분,과당,코코아분말,가공전지분,알파옥수수분말,전지분유,산도조절제(탄산수소나트륨),산도조절제(탄산수소암모늄),산도조절제(제일인산칼슘),식염,합성향료(바닐린),합성향료(바닐라향),혼합제제(밀크향),,,,,,,,,,,,,,,,,,,,,,,,,,,
SGJK1200,쿠쉬쿠쉬 갈릭바게트맛,전체,밀가루,백설탕,감자전분(NS-450),발효종(호밀발효종),야자유,식물성유지(PMF),전분가공품(X-pandr'sc+C100G),버터오일(AMF),복합조미식품(갈릭맛 시즈닝),식염,건조효모,곡류가공품(트라비아타),베이킹파우더,파슬리플레이크,합성향료(갈릭바게트향),산성아황산나트륨,,,,,,,,,,,,,,,,,,,,,,,,,,,,,,,
SGJT0900,포카칩 오리지널,전체,감자,혼합식용유,조미가공염,합성착향료(FRYING BOOSTER FLAVOR),,,,,,,,,,,,,,,,,,,,,,,,,,,,,,,,,,,,,,,,,,,
SGJT0901,포카칩어니언맛,전체,감자,혼합식용유,양파맛씨즈닝,합성착향료(frying booster),,,,,,,,,,,,,,,,,,,,,,,,,,,,,,,,,,,,,,,,,,,
SGJH0700,후레쉬베리,전체,밀가루,잼류,살균전란액,백설탕,식물성유지(k2),식물성유지(옥수수유),맥아물엿,D-소르비톨,물엿(산당화이온엿),분말유크림,혼합제제(엑셀스폰지),주정,유청분말,유화제(PGV100),전지분유,베이킹파우더,유화제(P(v)),조제크림분말,유화제(레시틴),소금,딸기향,유화제(PGPR),비타민 C,잔탄검,바닐린향(D733K),요거트향(지보단),베타카로틴혼합제제,,,,,,,,,,,,,,,,,,,,
SGJH0701,후레쉬베리 복숭아,전체,백설탕,밀가루,전란액,잼(복숭아잼),식물성유지(케이투쇼트닝),식물성유지(맑은옥수수유),물엿,D-소비톨액,물엿,혼합제제(excelsponge559),주정,유청분말,요거트분말,유화제(pgv-100),유화제(pv(글리세린지방산에스테르)),유화제(레시틴),식물성유지(pmf),혼합제제(베이킹파우더),기타가공품(제조크림분말),구연산,식염,복숭아농축액,홍국색소,잔탄검,합성향료(바닐라향d733k),합성향료(복숭아향ab23637),합성향료(복숭아향 4567),합성향료(요거트향),,,,,,,,,,,,,,,,,,,
SGJE2600,와클,전체,밀가루,식물성유지,백설탕,쇼트닝,크림어니언맛시즈닝,당류가공품,식염,산도조절제(탄산수소나트륨),건조효모,곡류가공품1,농후발효유,맥아분말,곡류가공품2,수산화나트륨,전분,산성아황산나트륨,프로테아제,,,,,,,,,,,,,,,,,,,,,,,,,,,,,,
SGJC0400,초코송이,전체,백설탕,밀가루,식물성유지,식물성유지2,코코아프리퍼레이션,식물성유지3,탈지분유,유당,쇼트닝,옥수수전분,골든시럽,소금,산도조절제,치자황색소,프로테아제,식물성크림분말,코코아매스,코코아분말,유화제1,유화제2,천연바닐라추출물,합성향료,,,,,,,,,,,,,,,,,,,,,,,,,
SSNB1400,별뽀빠이,전체,소맥분,팜유,캔디류(별사탕),곡류가공품(호화옥수수분),백설탕(정백당),물엿,곡류가공품(오트파우더),정제소금(정제염),식물성크림(식물성크림분말),산도조절제,효소처리스테비아,계피(계피분말),천연향신료너트맥분말(넛맥분말),복합토코페롤분말(토코페롤혼합분말에스),환원철,기타가공품(녹차풍미유),,,,,,,,,,,,,,,,,,,,,,,,,,,,,,,
SSNS0300,사또밥,전체,옥수수가루,팜유,미분당,해바라기유,양파분말(양파분),천일염(두번구운천일염),바닐라향(합성착향료),"베이킹파우더(산도조절제, 전분)",기타가공품(녹차풍미유),,,,,,,,,,,,,,,,,,,,,,,,,,,,,,,,,,,,,,
SSNS0301,사또밥 갈릭버터맛,전체,곡류가공품(옥수수가루),팜유,복합조미식품(갈릭버터맛씨즈닝S),해바라기유,복합조미식품(베이킹파우더),기타가공품(녹차풍미유),,,,,,,,,,,,,,,,,,,,,,,,,,,,,,,,,,,,,,,,,
SSNJ1701,왕짱구,전체,소맥분,팜유,백설탕(정백당),물엿,정제소금(정제염),볶은참깨(흑볶음참깨),식물성크림(식물성크림분말),효소처리스테비아,땅콩 또는 견과류가공품(넛맥분말),올리고당,벌꿀(아카시아꿀),산도조절제,스모크향(합성착향료),계피(계피분말),DHA(고시형)(DHA),비스킷향(합성착향료),기타가공품(녹차풍미유),,,,,,,,,,,,,,,,,,,,,,,,,,,,,,
SSNJ1700,짱구,전체,소맥분,팜유,백설탕(정백당),물엿,정제소금(정제염),볶은참깨(흑볶음참깨),식물성크림혼합분말(식물성크림분말),효소처리스테비아,땅콩 또는 견과류가공품(넛맥분말),올리고당,벌꿀(아카시아꿀),산도조절제,스모크향(합성착향료),계피가루(계피분말),DHA(고시형),비스킷향(합성착향료),기타가공품(녹차풍미유),,,,,,,,,,,,,,,,,,,,,,,,,,,,,,
SSNJ1702,흑당짱구,전체,밀가루(소맥분),당류가공품(흑설탕),팜유,물엿,땅콩 또는 견과류가공품(땅콩코팅분태),백설탕(정백당),올리고당,정제소금(정제염),흑설탕향(흑당향),코코아분말(코코아파우더),효소처리스테비아,산도조절제,스모크향(합성착향료),땅콩 또는 견과류가공품(넛맥분말),계피가루(계피분말),기타가공품(녹차풍미유),,,,,,,,,,,,,,,,,,,,,,,,,,,,,,,
RBJG0200,감자면,면,감자전분,소맥분,팜유,글루텐,감자분말,난각칼슘,정제염,마늘조미액,면류첨가알칼리제(산도조절제),혼합제제(산도조절제),올리고녹차풍미액,비타민 B2,,,,,,,,,,,,,,,,,,,,,,,,,,,,,,,,,,,
RBJG0200,감자면,스프류,야채분말,양배추즙분말,정제염,복합조미간장분말,볶음양파분,물엿분말,간장분말,소고기조미분말,동결건조양파분말,5-리보뉴클레오티드이나트륨,마늘베이스,정백당,조미아미노산간장분말,육수맛조미베이스,감칠맛분말,호박산이나트륨,후추추출물분말,매운맛조미분,생강추출물분말,건청경채,튀김감자,건표고버섯,조미건조홍고추링,,,,,,,,,,,,,,,,,,,,,,,,
RCPG1200,김치사발면,면,소맥분,팜유,감자전분,초산전분,정제소금,식용유지가공품(식물성풍미유),난각칼슘,면류첨가알칼리제(면미소),구아검,중합인산염,소스류(올리고녹차풍미액),비타민 B2,정제수,과채가공품(건당근 3호),과채가공품(건청경채 2호),배추김치(건조김치후레이크),,,,,,,,,,,,,,,,,,,,,,,,,,,,,,,
RCPG1200,김치사발면,스프류,복합조미식품(김치베이스-디NM),복합조미식품(김치조미베이스),포도당,기타가공품(칠리맛조미분SB),정제소금,백설탕,5-리보뉴클레오티드이나트륨,덱스트린,복합조미식품(분말고추장2호),기타가공품(마늘베이스TK),복합조미식품(복합양념분말S),기타가공품(동결건조김치분말W),구연산,호박산이나트륨,복합조미식품(비프양념분말NM),기타가공품(생강추출물분말),기타가공품(후추추출물분말),복합조미식품(조미분말베이스-KS),복합조미식품(조미아미노산간장분말SH),복합조미식품(간장분말SH),,,,,,,,,,,,,,,,,,,,,,,,,,,
RBJM0500,맛짬뽕,면,소맥분,감자전분,팜유,초산전분,정제소금,식용유지가공품(식물성풍미유),식용유지가공품(식물유지분말),난각칼슘,기타가공품(야채조미추출물),다시마분말,면류첨가알칼리제(면미소),복합액상토코페롤,중합인산염,소스류(올리고녹차풍미액),정제수,,,,,,,,,,,,,,,,,,,,,,,,,,,,,,,,
RBJM0500,맛짬뽕,스프류,복합조미식품(홍합맛분말),정제소금,기타가공품(칠리맛풍미분TK),백설탕,복합조미식품(구수한맛분말),복합조미식품(오징어풍미분말),복합조미식품(양지무베이스분말NM),5-리보뉴클레오티드이나트륨,기타가공품(마늘추출물분말),복합조미식품(볶음간짬뽕분말),복합조미식품(가리비추출물분말-H),호박산이나트륨,식품첨가물혼합제제(분말카라멜2호),호화감자전분,기타가공품(매운양념분말2호),후추가루,과채가공품(동결건조양파분말),복합조미식품(혼합해물베이스분말NM),덱스트린(분말덱스트린),복합조미식품(맛베이스SW),복합조미식품(복합조미간장분말SH),과채가공품(건양배추),과채가공품(건청경채),수산물가공품(동결건조오징어20),수산물가공품(동결건조오징어E),과채가공품(조미건조홍고추링),건목이버섯,수산물가공품(컬미역),향미유(매콤해물맛풍미유),향미유(볶음짬뽕맛오일),향미유(간짬뽕풍미유-1),,,,,,,,,,,,,,,,
RBJM0800,무파마탕면,면,소맥분,팜유,감자전분,초산전분,정제소금(정제염),난각칼슘,기타가공품(야채풍미액),면류첨가알칼리제(면미소),중합인산염,소스류(올리고녹차풍미액),비타민 B2,정제수,,,,,,,,,,,,,,,,,,,,,,,,,,,,,,,,,,,
RBJM0800,무파마탕면,스프류,복합조미식품(장국맛분말),정제소금,복합조미식품(육수맛조미베이스NS),복합조미식품(콩나물장국분),백설탕,복합조미식품(간장분말NM),과채가공품(마늘동결건조분말),5-리보뉴클레오티드이나트륨,기타가공품(칠리맛풍미분TK),기타가공품(양파풍미분TK),기타가공품(파조미분말),후추가루,호박산이나트륨,기타가공품(매운양념분말2호),기타가공품(생강추출물분말),복합조미식품(국밥베이스분말),복합조미식품(비프양념분말),복합조미식품(무착즙분말),기타가공품(후레바부스터분말TK),과채가공품(건무후레이크2호),과채가공품(건청경채),복합조미식품(조미대두단백-JNM),건파(동결건조파),과채가공품(조미건조홍고추링),과채가공품(튀김마늘V),기타가공품(화이브로우즈),복합조미식품(마늘풍미분말),과채가공품(무국베이스),포도당,고춧가루,,,,,,,,,,,,,,,,,
RCPM0801,무파마탕면큰사발,면,소맥분,팜유,감자전분,초산전분,정제소금,면류첨가알칼리제,비타민 B2,소스류(올리고녹차풍미액),중합인산염,난각칼슘,정제수,과채가공품(동결건조무후레이크),두류가공품(조미단백),과채가공품(동결건조중파2호),건파(건파3호),과채가공품(튀김마늘V),과채가공품(조미건조홍고추2호),소스류(이스트조미액),,,,,,,,,,,,,,,,,,,,,,,,,,,,,
RCPM0801,무파마탕면큰사발,스프류,복합조미식품(국밥베이스분말NM),기타가공품(마늘베이스TK),정제소금,복합조미식품(양지비프스톡분말),기타가공품(칠리맛조미분SB),복합조미식품(비프양념분말NM),과채가공품(무국베이스),복합조미식품(육수맛조미베이스NS),복합조미식품(양념육수베이스),복합조미식품(매운맛분말-HOT),복합조미식품(사태추출물분말NM),복합조미식품(소고기풍미분NM),덱스트린,과채가공품(마늘동결건조분말),고춧가루(고춧가루-T),5-리보뉴클레오티드이나트륨,후추가루,호박산이나트륨,기타가공품(생강추출물분말),복합조미식품(복합조미간장분말SH),복합조미식품(장국맛분말),복합조미식품(맛베이스SW),,,,,,,,,,,,,,,,,,,,,,,,,
RBJB0800,배홍동비빔면,면,밀가루,팜유,감자전분,정제소금,면류첨가알칼리제(면미소),식품첨가물혼합제제(복합액상토코페롤),중합인산염,정제수,,,,,,,,,,,,,,,,,,,,,,,,,,,,,,,,,,,,,,,
RBJB0800,배홍동비빔면,스프류,고추장(양지뜰태양초핫참고추장),백설탕,기타과당(고과당),과채가공품(냉동홍고추페이스트(1mm분쇄)),정제수,소스류(소고기맛간장003),깐양파,소스류(다진양념베이스),소스류(진육수추출액),정제소금,채종유(유채유또는카놀라유),발효식초(화이트식초),과채가공품(배퓨레),깐마늘,소스류(동치미농축액 TK),구연산,고춧가루(고춧가루-T),향신료올레오레진류(칠리엑기스 TK10),구아검,식품첨가물혼합제제(분말카라멜2호),5-리보뉴클레오티드이나트륨,호박산이나트륨,참기름,향미유(고소한풍미유),볶음참깨,볶음흑깨,구운김후레이크,,,,,,,,,,,,,,,,,,,,
RBJB1600,보글보글부대찌개면,면,소맥분,감자전분,팜유,초산전분,정제염,난각칼슘,면류첨가알칼리제(면미소),기타가공품(야채풍미액),중합인산염,소스류(올리고녹차풍미액),비타민 B2,정제수,,,,,,,,,,,,,,,,,,,,,,,,,,,,,,,,,,,
RBJB1600,보글보글부대찌개면,스프류,복합조미식품(부대찌개분말),복합조미식품(햄시즈닝분말HRNM),정제소금,백설탕,기타가공품(치즈풍미분말-C),향신료조제품(볶음양념분-B),복합조미식품(칠리맛풍미분TK),복합조미식품(조미아미노산간장분말NM),복합조미식품(복합양념분말S),5-리보뉴클레오티드이나트륨,복합조미식품(속성김치분말HVD),복합조미식품(비프본오일분말),복합조미식품(간장분말NM),후추가루,복합조미식품(사골추출물분말NM),복합조미식품(찌개양념분말),떡고명,건조소시지W,배추김치(건조김치후레이크),어묵(햄형후레이크S),건파,건조링홍고추플레이크,,,,,,,,,,,,,,,,,,,,,,,,,
RCPB1601,보글보글부대찌개큰사발면,면,소맥분,감자전분,팜유,초산전분,소스류(비프조미페이스트),정제소금(정제염),난각칼슘,면류첨가알칼리제(면미소),중합인산염,소스류(올리고녹차풍미액),비타민 B2,정제수,어묵(햄형후레이크),식육가공품(건조소시지S),건파,배추김치(건조김치후레이크20),,,,,,,,,,,,,,,,,,,,,,,,,,,,,,,
RCPB1601,보글보글부대찌개큰사발면,스프류,복합조미식품(부대찌개분말),복합조미식품(햄시즈닝분말HRNM),백설탕,정제소금,기타가공품(치즈풍미분말-C),복합조미식품(칠리맛풍미분TK),향신료조제품(볶음양념분-B),복합조미식품(속성김치분말HVD),5-리보뉴클레오티드이나트륨,식물성크림(비크림-T),식품첨가물혼합제제(수화검),복합조미식품(조미아미노산간장분말NM),복합조미식품(간장분말NM),후추가루,복합조미식품(사골추출물분말NM),복합조미식품(복합양념분말S),복합조미식품(양념찌개분말),변성전분(프리젤(과립전분)),복합조미식품(돈골추출물분말),,,,,,,,,,,,,,,,,,,,,,,,,,,,
RBJN0300,볶음너구리,면,소맥분,감자전분,팜유,초산전분,정제소금(정제염),난각칼슘,기타가공품(해물페이스트),식용유지가공품(식물성풍미유),면류첨가알칼리제(면미소),중합인산염,소스류(올리고녹차풍미액),비타민 B2(비타민비투),정제수,,,,,,,,,,,,,,,,,,,,,,,,,,,,,,,,,,
RBJN0300,볶음너구리,스프류,백설탕,포도당,복합조미식품(홍합조미분VD),복합조미식품(홍합지미베이스분말),복합조미식품(해물채소분말),기타가공품(칠리맛조미분SB),복합조미식품(복합조미간장분말),향신료조제품(볶음양념분-B),복합조미식품(오징어풍미분말),복합조미식품(조미아미노산간장분말NM),복합조미식품(멸치조미분-S),정제소금,복합조미식품(혼합해물베이스분말NM),5-리보뉴클레오티드이나트륨,복합조미식품(해물베이스NM),고춧가루(고춧가루-T),호박산이나트륨,식품첨가물혼합제제(분말카라멜),후추가루,향미유(매운맛풍미유),채종유(유채유 또는 카놀라유),두류가공품(대두단백F),기타가공품(홍합볼),어묵(너구리형어묵),건다시마,건당근,컬미역,,,,,,,,,,,,,,,,,,,,
RCPN0301,볶음너구리큰사발면,면,소맥분,팜유,감자전분,초산전분,식용유지가공품(식물성풍미유),난각칼슘,정제소금(정제염),면류첨가알칼리제(면미소),중합인산염,소스류(올리고녹차풍미액),비타민 B2(비타민비투),정제수,두류가공품(조미단백HK),기타가공품(홍합볼),어묵(너구리형 어묵),건당근(건당근2호),건미역(미역컬3호),수산물가공품(건다시마1010),,,,,,,,,,,,,,,,,,,,,,,,,,,,,
RCPN0301,볶음너구리큰사발면,스프류,백설탕,포도당,복합조미식품(홍합조미분VD),복합조미식품(홍합지미베이스분말),복합조미식품(해물채소분말),기타가공품(칠리맛조미분SB),복합조미식품(복합조미간장분말),향신료조제품(볶음양념분-B),복합조미식품(오징어풍미분말),복합조미식품(조미아미노산간장분말NM),복합조미식품(멸치조미분-S),전분가공품(호화감자전분),정제염,복합조미식품(혼합해물베이스분말NM),5-리보뉴클레오티드이나트륨,복합조미식품(해물베이스NM),고춧가루(고추가루-T),호박산이나트륨,식품첨가물혼합제제(분말카라멜),후추가루,향미유(매운맛풍미유),채종유(유채유 또는 카놀라유),향미유(야채볶음풍미유),칠리엑기스,,,,,,,,,,,,,,,,,,,,,,,
RBJS0400,사리곰탕면,면,소맥분,팜유,감자전분,쌀가루,곡류가공품(활성소맥글루텐),정제소금,난각칼슘,면류첨가알칼리제(면미소),중합인산염,소스류(올리고녹차풍미액),정제수,,,,,,,,,,,,,,,,,,,,,,,,,,,,,,,,,,,,
RBJS0400,사리곰탕면,스프류,복합조미식품(사골추출물분말SH),복합조미식품(진사골추출물분말),정제소금(정제염),복합조미식품(돈골조미분말KF-NM),복합조미식품(맛베이스SW),식육추출가공품(사골분말2호),설탕(정백당),기타가공품(마늘베이스TK),복합조미식품(조미양파풍미료NM),5-리보뉴클레오티드이나트륨,복합조미식품(비프사골풍미료SH),천연향신료(후추분말),식물성크림(비크림-T),호박산이나트륨,복합조미식품(꼬리곰탕베이스분말NM),기타가공품(매운양념분말2호),동결건조중파,,,,,,,,,,,,,,,,,,,,,,,,,,,,,,
RCPS0401,사리곰탕큰사발면,면,소맥분,감자전분,팜유,초산전분,정제소금(정제염),식용유지가공품(식물성풍미유),난각칼슘,면류첨가알칼리제(면미소),중합인산염,소스류(올리고녹차풍미액),정제수,과채가공품(동결건조중파2호),건파,곡류가공품(쌀가루),기타가공품(활성소맥글루텐),소스류(사골비프혼합추출물),,,,,,,,,,,,,,,,,,,,,,,,,,,,,,,
RCPS0401,사리곰탕큰사발면,스프류,복합조미식품(비프사골풍미료SH),복합조미식품(도가니맛조미분NM),기타가공품(비프스톡조미분),복합조미식품(소고기풍미분NM),식물성크림(비크림-T),복합조미식품(사태추출물분말NM),복합조미식품(팜유조미분말),덱스트린(말토덱스트린),정제소금,복합조미식품(양파베이스2호),알파미분,백설탕,5-리보뉴클레오티드이나트륨,후추가루,호박산이나트륨,기타가공품(조미양념분5호),건파,,,,,,,,,,,,,,,,,,,,,,,,,,,,,,
RBJJ0204,사천짜파게티,면,소맥분,팜유,감자전분,초산전분,정제소금(정제염),식용유지가공품(식물성풍미유),면류첨가알칼리제(면미소),소스류(올리고녹차풍미액),중합인산염,비타민 B2,난각칼슘,정제수,,,,,,,,,,,,,,,,,,,,,,,,,,,,,,,,,,,
RBJJ0204,사천짜파게티,스프류,복합조미식품(사천짜장베이스),복합조미식품(분말짜장와이),백설탕,식품첨가물혼합제제(분말카라멜3호),복합조미식품(볶음조미소백분1호),복합조미식품(소고기양념풍미료NM),복합조미식품(볶음조미옥수수분),복합조미식품(볶음양파분),덱스트린,5-리보뉴클레오티드이나트륨,복합조미식품(풍미간장조미분),기타가공품(조미양념분5호),정제소금,복합조미식품(간장분말SH),복합조미식품(조미대두단백-JNM),기타가공품(건감자튀김),과채가공품(건양배추),두류가공품(동결건조완두콩),과채가공품(조미볶음양파),과채가공품(건당근),사천짜장풍미유,짜장풍미유4호,사천조미유,양파조미유,파풍미유,매운야채풍미유,,,,,,,,,,,,,,,,,,,,,
RCPJ0201,사천짜파게티큰사발면,면,소맥분,팜유,감자전분,초산전분,식용유지가공품(식물성풍미유),난각칼슘,정제소금(정제염),면류첨가알칼리제(면미소),중합인산염,소스류(올리고녹차풍미액),비타민 B2,정제수,두류가공품(대두단백),과채가공품(건양배추),기타가공품(건감자튀김),,,,,,,,,,,,,,,,,,,,,,,,,,,,,,,,
RCPJ0201,사천짜파게티큰사발면,스프류,복합조미식품(사천짜장베이스),복합조미식품(분말짜장와이),식품첨가물혼합제제(분말카라멜3호),백설탕,복합조미식품(볶음조미옥수수분),복합조미식품(볶음양파분),복합조미식품(소고기양념풍미료NM),덱스트린,복합조미식품(볶음조미소백분1호),복합조미식품(간장분말SH),5-리보뉴클레오티드이나트륨,기타가공품(조미양념분5호),고춧가루(고춧가루-T),복합조미식품(풍미간장조미분),사천짜장풍미유,짜장풍미유4호,사천조미유,양파조미유,파풍미유,매운야채풍미유,,,,,,,,,,,,,,,,,,,,,,,,,,,
RCPS0800,새우탕큰사발면,면,소맥분,감자전분,팜유,초산전분,정제소금(정제염),난각칼슘,소스류(야채조미추출물),면류첨가알칼리제(면미소),중합인산염,소스류(올리고녹차풍미액),비타민 B2,정제수,어묵(어포2호),기타가공품(새우맛볼MD),건미역(미역컬),건당근,건새우,구아검,,,,,,,,,,,,,,,,,,,,,,,,,,,,,
RCPS0800,새우탕큰사발면,스프류,정제소금,백설탕,곡류가공품(알파콘씨),복합조미식품(육수베이스분말NM),복합조미식품(매운맛분말HOT),기타가공품(조미양념분5호),복합조미식품(오징어풍미분말),복합조미식품(새우베이스분말),기타가공품(후레바부스터분말TK),5-리보뉴클레오티드이나트륨,복합조미식품(매운탕풍미분말),복합조미식품(새우엑기스분말H),복합조미식품(혼합해물베이스분말NM),호박산이나트륨,복합조미식품(향신조미분NM),후추가루,식품첨가물혼합제제(수화검),복합조미식품(모듬해물분말NM),복합조미식품(홍합지미베이스분말),,,,,,,,,,,,,,,,,,,,,,,,,,,,
RBJN0302,순한너구리,면,소맥분,팜유,감자전분,변성전분(초산전분),식용유지가공품(식물성풍미유),정제소금,기타가공품(해물페이스트),난각칼슘,면류첨가알칼리제(면미소),중합인산염,소스류(올리고녹차풍미액),정제수,다시마(건다시마),비타민 B2,복합조미식품(글루텐펩타이드),,,,,,,,,,,,,,,,,,,,,,,,,,,,,,,,
RBJN0302,순한너구리,스프류,복합조미식품(다랑어추출물분말NM),정제소금,백설탕,복합조미식품(복합식물성풍미분말),복합조미식품(멸치맛분말NM),복합조미식품(홍합조미분VD),복합조미식품(오징어풍미분말),복합조미식품(홍합지미베이스),덱스트린,5-리보뉴클레오티드이나트륨,기타가공품(조미양념분5호),호박산이나트륨,후추가루,복합조미식품(육맛조미분NM),기타가공품(마늘베이스TK),식품첨가물혼합제제(분말카라멜),기타가공품(칠리맛풍미분TK),향신료조제품(볶음양념분-B),기타가공품(매운맛조미분TK),복합조미식품(조미아미노산간장분말SH),기타가공품(양파풍미분SH),컬미역3호,어묵(너구리형어묵N),과채가공품(건당근),,,,,,,,,,,,,,,,,,,,,,,
RBJS1500,신라면,면,소맥분,팜유,감자전분,초산전분,정제소금(정제염),난각칼슘,면류첨가알칼리제(면미소),기타가공품(야채조미추출물),중합인산염,소스류(올리고녹차풍미액),비타민 B2,정제수,,,,,,,,,,,,,,,,,,,,,,,,,,,,,,,,,,,
RBJS1500,신라면,스프류,정제소금,복합조미식품(소고기맛베이스M2),백설탕,향신료조제품(볶음양념분-B),5-리보뉴클레오티드이나트륨,과채가공품(조미홍고추분말),후추가루,호박산이나트륨,복합조미식품(매콤양념분말SH),복합조미식품(간장양념분말SH),복합조미식품(조미소고기분말SH),복합조미식품(간장분말SH),과채가공품(건청경채),두류가공품(대두단백F(K)),건표고버섯,과채가공품(건당근),건파,고춧가루(고추후레이크),,,,,,,,,,,,,,,,,,,,,,,,,,,,,
RBJS1501,신라면건면,면,밀가루(소맥분),초산전분,정제소금(정제염),식물성크림(유미분70),면류첨가알칼리제(면미소),마리골드색소,복합액상토코페롤,중합인산염,정제수,감자전분,,,,,,,,,,,,,,,,,,,,,,,,,,,,,,,,,,,,,
RBJS1501,신라면건면,스프류,복합조미식품(사골양념분말SH),정제소금,복합조미식품(소고기맛베이스M2),백설탕,복합조미식품(조미아미노산간장분말SH),향신료조제품(볶음양념분B),호화감자전분,복합조미식품(조미소고기분말SH),복합조미식품(간장분말SH),과채가공품(조미홍고추분말),된장(분말된장SH),기타가공품(마늘베이스TK),복합조미식품(칠리맛풍미분TK),후추가루,기타가공품(표고버섯분말),기타가공품(양파풍미분SH),5-리보뉴클레오티드이나트륨,호박산이나트륨,복합조미식품(청양고추시즈닝분말),기타가공품(후추풍미분말TK),기타가공품(매운맛조미분TK),복합조미식품(생강추출물분말),미강유(현미유),양파풍미유,고추조미유,과채가공품(건청경채),건표고버섯,과채가공품(건당근),건파,과채가공품(조미건조홍고추2호),,,,,,,,,,,,,,,,,
RBJS1502,신라면볶음면,면,밀가루,팜유,감자전분,초산전분,정제소금,면류첨가알칼리제(면미소),기타가공품(난각칼슘),중합인산염,알긴산프로필렌글리콜,소스류(올리고녹차풍미액),정제수,,,,,,,,,,,,,,,,,,,,,,,,,,,,,,,,,,,,
RBJS1502,신라면볶음면,스프류,백설탕,복합조미식품(양념간장조미분),기타가공품(칠리맛조미분TK),정제소금,복합조미식품(소고기분말SJ),복합조미식품(볶음소고기분말),복합조미식품(핫스파이스분말),후추가루,포도당,복합조미식품(비프본오일분말),마늘추출물분말,향신료조제품(볶음양념분-B),과채가공품(표고버섯분말),5-리보뉴클레오티드이나트륨,복합조미식품(소고기맛베이스M2),전분가공품(호화감자전분 C-200),글리신,기타가공품(후추풍미분말),복합조미식품(향신간장분말),식품첨가물혼합제제(분말카라멜),구연산,호박산이나트륨,덱스트린,채종유(유채유 또는 카놀라유),볶음대파풍미유,표고야채풍미유,야채볶음풍미유,매운맛풍미유,파프리카추출색소(칠리엑기스10(CO2)),어묵,과채가공품(건청경채),두류가공품(조미단백HK),건표고버섯,,,,,,,,,,,,,,
RCPS1503,신라면볶음면큰사발,면,밀가루(소맥분),팜유,감자전분,초산전분,정제소금(정제염),난각칼슘,면류첨가알칼리제(면미소),중합인산염,구아검,알긴산프로필렌글리콜,소스(올리고녹차풍미액),비타민 B2(비타민비투),정제수,건표고버섯,건청경채,어묵(신어묵),두류가공품(조미단백HK),,,,,,,,,,,,,,,,,,,,,,,,,,,,,,
RCPS1503,신라면볶음면큰사발,스프류,백설탕,복합조미식품(양념간장조미분),기타가공품(칠리맛풍미분TK),정제소금,복합조미식품(소고기분말SJ),복합조미식품(볶음소고기분말),복합조미식품(핫스파이스분말),후추가루,호화감자전분,포도당,복합조미식품(비프본오일분말),복합조미식품(마늘추출물분말),향신료조제품(볶음양념분-B),기타가공품(칠리풍미분말TK),과채가공품(표고버섯분말),5-리보뉴클레오티드이나트륨,복합조미식품(소고기맛베이스M2),글리신,기타가공품(후추풍미분말),복합조미식품(향신간장분말),호박산이나트륨,식품첨가물혼합제제(분말카라멜),구연산,덱스트린,채종유(유채유 또는 카놀라유),볶음대파풍미유,표고야채풍미유,야채볶음풍미유,매운맛풍미유,파프리카추출색소(칠리엑기스10(CO2)),,,,,,,,,,,,,,,,,
RBJS1504,신라면블랙,면,밀가루(소맥분),팜유,감자전분,변성전분,정제소금,난각칼슘,면류첨가알칼리제(면미소),기타가공품(야채풍미액),중합인산염,소스류(올리고녹차풍미액),비타민 B2,정제수,기타가공품(고기야채건더기),,,,,,,,,,,,,,,,,,,,,,,,,,,,,,,,,,
RBJS1504,신라면블랙,스프류,복합조미식품(버섯야채조미분),기타가공품(마늘베이스TK),복합조미식품(육수맛조미베이스NS),복합조미식품(우골조미분말NM),기타가공품(칠리맛풍미분TK),5-리보뉴클레오티드이나트륨,복합조미식품(비프본오일분말),정제소금,복합조미식품(간장분말NM),향신료조제품(볶음양념분-B),기타가공품(표고버섯분말),후추가루,복합조미식품(콩나물추출물분말),기타엿(정제말토스),복합조미식품(참기름양파볶음분말),복합조미식품(김치조미베이스),향신료조제품(조미홍고추분말),호박산이나트륨,기타가공품(매운맛조미분TK),복합조미식품(생강추출물분말),식육추출가공품(돈골분말(복합엑기스DG)),기타가공품(양파풍미분TK),복합조미식품(양파볶음분말),복합조미식품(참깨조미분말),복합조미식품(야채분말NM),백설탕,복합조미식품(다시마추출분말),식육추출가공품(사골분말(복합엑기스SG)),복합조미식품(양지무베이스분말NM),복합조미식품(새우액젓분말),과채가공품(동결건조양파분말),,,,,,,,,,,,,,,,
RCPS1505,신라면블랙사발,면,소맥분,감자전분,팜유,초산전분,정제소금(정제염),식용유지가공품(식물성풍미유),난각칼슘,기타가공품(야채조미추출물),면류첨가알칼리제(면미소),마리골드색소,중합인산염,소스류(올리고녹차풍미액),정제수,과채가공품(건청경채2호),식육함유가공품(고기고명W),기타가공품(계란후레이크S),건표고버섯(건표고버섯SB),건조링홍고추플레이크(링홍고추후레이크),,,,,,,,,,,,,,,,,,,,,,,,,,,,,
RCPS1505,신라면블랙사발,스프류,복합조미식품(육수맛조미베이스NS),기타가공품(마늘베이스TK),식물성크림(비크림-T),복합조미식품(버섯야채조미분),복합조미식품(우골조미분말),기타가공품(칠리맛풍미분TK),기타엿(정제말토스),5-리보뉴클레오티드이나트륨,복합조미식품(간장분말NM),복합조미식품(비프본오일분말),정제소금,향신료조제품(볶음양념분-B),기타가공품(표고버섯분말),복합조미식품(콩나물추출물분말),백설탕,덱스트린,복합조미식품(참기름양파볶음분말),후추가루,복합조미식품(김치조미베이스),향신료조제품(조미홍고추분말),호박산이나트륨,기타가공품(매운맛조미분TK),복합조미식품(생강추출물분말),복합조미식품(돈골추출물분말),덱스트린,기타가공품(양파풍미분TK),복합조미식품(양파볶음분말),복합조미식품(참깨조미분말),식육추출가공품(사골분말(복합엑기스SG)),기타엿(정제말토스),복합조미식품(비프본오일분말),복합조미식품(야채조미분말NM),식물성크림(비크림-T),백설탕,복합조미식품(다시마추출분말),복합조미식품(양지무베이스분말NM),복합조미식품(새우액젓분말),과채가공품(동결건조양파분말),정제소금,,,,,,,,
RCPS1506,신라면컵,면,소맥분,팜유,감자전분,초산전분,정제소금(정제염),난각칼슘,면류첨가알칼리제(면미소),구아검,중합인산염,소스류(올리고녹차풍미액),비타민 B2,정제수,건파(건파3호),건표고버섯(건표고갓다이스),건당근(건당근3호),과채가공품(조미건조홍고추2호),식용유지가공품(식물성풍미유),,,,,,,,,,,,,,,,,,,,,,,,,,,,,,
RCPS1506,신라면컵,스프류,정제소금,복합조미식품(복합조미간장분말SH),변성전분(퍼셀리 비씨(전분)),복합조미식품(간장풍미분말SH-2호),백설탕,복합조미식품(조미소고기분말SH),복합조미식품(매운탕분말에스),기타가공품(칠리맛조미분SB),향신료조제품(볶음양념분-B),기타가공품(조미양념분5호),기타가공품(콩나물추출물분말),복합조미식품(마늘추출물분말),복합조미식품(사골된장분말),복합조미식품(국밥베이스분말NM),된장(분말된장SH),고춧가루(고춧가루-T),복합조미식품(생고추조미분말),복합조미식품(비프장국분말NM),기타가공품(양파풍미분SH),후추가루,복합조미식품(조미육베이스NM),5-리보뉴클레오티드이나트륨,기타가공품(표고버섯분말),호박산이나트륨,기타가공품(매운맛조미분 TK),복합조미식품(풍미간장조미분),식품첨가물혼합제제(분말카라멜),기타가공품(생강추출물분말),,,,,,,,,,,,,,,,,,,
RCPS1507,신라면큰사발,면,소맥분,팜유,감자전분,초산전분,정제소금(정제염),소스류(이스트조미액),면류첨가알칼리제(면미소),중합인산염,소스류(올리고녹차풍미액),난각칼슘,비타민 B2,정제수,건표고버섯,건파,과채가공품(조미건조홍고추2호),건당근,두류가공품(조미단백HK),과채가공품(건청경채(F)),,,,,,,,,,,,,,,,,,,,,,,,,,,,,
RCPS1507,신라면큰사발,스프류,정제소금,복합조미식품(복합조미간장분말SH),복합조미식품(버섯풍미분말SH-2호),백설탕,복합조미식품(매운탕분말에스),변성전분(파셀리 비씨(변성전분)),복합조미식품(사골된장분말),복합조미식품(비프조미분NM),포도당(무수결정포도당),기타가공품(양파풍미분SH),복합조미식품(양념구이조미분),복합조미식품(생고추조미분말),기타가공품(칠리맛조미분SB),향신료조제품(볶음양념분-B),복합조미식품(수육조미분NM),된장(분말된장SH),복합조미식품(사골추출물분말SH),복합조미식품(마늘추출물분말),후추가루,5-리보뉴클레오티드이나트륨,기타가공품(조미양념분5호),복합조미식품(육수조미분말NM),고춧가루(고춧가루-T),복합조미식품(양파조미베이스),복합조미식품(장국양념분말),복합조미식품(다시마정미추출분말),기타가공품(매운맛조미분 TK),호박산이나트륨,분말카라멜,기타가공품(생강추출물분말),,,,,,,,,,,,,,,,,
RBJE0500,안성탕면,면,소맥분,팜유,감자전분,쌀가루,곡류가공품(활성소맥글루텐),정제소금,난각칼슘,면류첨가알칼리제(면미소),중합인산염,소스류(마늘조미액),구아검,소스류(올리고녹차풍미액),비타민 B2,정제수,,,,,,,,,,,,,,,,,,,,,,,,,,,,,,,,,
RBJE0500,안성탕면,스프류,정제소금,기타가공품(양념조미분말TK),백설탕,복합조미식품(볶음된장분말),복합조미식품(양념장베이스NM),복합조미식품(고소한양념분말),복합조미식품(구수한맛분말),복합조미식품(사골우거지베이스SH),복합조미식품(간장조미분말3호),복합조미식품(사골추출물분말NM),복합조미식품(조미된장분말),복합조미식품(전골스파이스분말NM),5-리보뉴클레오티드이나트륨,복합조미식품(비프본오일분말),미역(미역컬5호),복합조미식품(매운맛분말HOT),향신료조제품(볶음양념분-B),덱스트린,기타가공품(계란스크램블-S),후추가루,호박산이나트륨,복합조미식품(염장고추분말NM),복합조미식품(칠리맛풍미분TK),복합조미식품(복합양념분말S),과채가공품(마늘동결건조분말),복합조미식품(이스트조미분),복합조미식품(불고기분말향),식품첨가물혼합제제(분말카라멜2호),고춧가루(고추후레이크-S),복합조미식품(진한맛조미분),,,,,,,,,,,,,,,,,
RBJN0303,앵그리너구리,면,밀가루,감자전분,팜유,초산전분,식용유지가공품(식물성풍미유),정제소금,난각칼슘,복합조미식품(글루텐펩타이드),기타가공품(해물페이스트),면류첨가알칼리제(면미소),중합인산염,소스(올리고녹차풍미액),비타민 B2,정제수,수산물가공품(건다시마),,,,,,,,,,,,,,,,,,,,,,,,,,,,,,,,
RBJN0303,앵그리너구리,스프류,정제소금,복합조미식품(홍합지미베이스분말),기타가공품(조미양념분5호),복합조미식품(홍합조미분VD),복합조미식품(해물양념분말),백설탕,기타가공품(칠리맛조미분SB),복합조미식품(매운맛분말ML),기타가공품(매운양념분말2호),복합조미식품(소고기양념풍미료NM),호박산이나트륨,복합조미식품(소고기맛베이스M2),후추가루,복합조미식품(복합조미간장분말SH),복합조미식품(오징어풍미분말),복합조미식품(조미아미노산간장분말SH),기타가공품(마늘베이스TK),5-리보뉴클레오티드이나트륨,기타가공품(멸치조미분-S),포도당,식품첨가물혼합제제(분말카라멜),컬미역,어묵(너구리형어묵N),,,,,,,,,,,,,,,,,,,,,,,,
RCPE0700,앵그리짜파구리큰사발면,면,밀가루(소맥분),팜유,감자전분,초산전분,식용유지가공품(식물성풍미유),난각칼슘,정제소금(정제염),면류첨가알칼리제(면미소),중합인산염,소스(올리고녹차풍미액),비타민 B2(비타민비투),정제수,건당근,두류가공품(조미단백),어묵(너구리형어묵),기타 수산물가공품(건다시마),기타 수산물가공품(미역컬),,,,,,,,,,,,,,,,,,,,,,,,,,,,,,
RCPE0700,앵그리짜파구리큰사발면,스프류,백설탕,복합조미식품(분말짜장와이),복합조미식품(짜장베이스분말JP),식품첨가물혼합제제(분말카라멜2호),포도당,식품첨가물혼합제제(분말카라멜3호),복합조미식품(홍합조미분VD),복합조미식품(홍합지미베이스분말),복합조미식품(볶음조미소맥분1호),덱스트린,복합조미식품(해물채소분말),기타가공품(칠리맛조미분SB),복합조미식품(복합조미간장분말SH),복합조미식품(야채오일분말),향신료조제품(볶음양념분-B),복합조미식품(매운맛분말ML),복합조미식품(볶음조미옥수수분),복합조미식품(구운해물분),5-리보뉴클레오티드이나트륨,기타가공품(매운맛조미분TK),정제소금,복합조미식품(시원한육수분말),복합조미식품(짜장베이스씨에스),복합조미식품(양파볶음분말),복합조미식품(조미아미노산간장분말SH),복합조미식품(조미짜장분말),기타가공품(멸치조미분-S),호화감자전분,과채가공품(FD생생고추파우다),호박산이나트륨,후추가루,향미유(매운맛풍미유),채종유(유채유 또는 카놀라유),향미유(야채볶음풍미유),파프리카추출색소(칠리엑기스10(CO2)),,,,,,,,,,,,
RBJN0304,얼큰한너구리,면,소맥분,팜유,감자전분,초산전분,정제소금,난각칼슘,면류첨가알칼리제,중합인산염,소스류(올리고녹차풍미액),비타민 B2,정제수,수산물가공품(건다시마),식용유지가공품(식물성풍미유),기타가공품(해물페이스트),복합조미식품(글루텐펩타이드),,,,,,,,,,,,,,,,,,,,,,,,,,,,,,,,
RBJN0304,얼큰한너구리,스프류,정제소금,복합조미식품(홍합지미베이스분말),복합조미식품(홍합추출물분말),복합조미식품(해물채소분말),기타가공품(조미양념분5호),백설탕,향신료조제품(볶음양념분-B),포도당,과채가공품(FD고추생생파우다),호박산이나트륨,기타가공품(마늘베이스TK),후추가루,복합조미식품(조미아미노산간장분말SH),복합조미식품(복합조미간장분말SH),기타가공품(양파풍미분SH),기타가공품(칠리맛풍미분TK),복합조미식품(멸치조미분-S),5-리보뉴클레오티드이나트륨,분말카라멜,기타가공품(매운양념분말2호),복합조미식품(시원한육수분말),곡류가공품(알파콘씨),복합조미식품(구운해물분),식품첨가물(사과산),컬미역,어묵(오징어맛후레이크10),과채가공품(건당근),,,,,,,,,,,,,,,,,,,,
RBJE2300,오징어짬뽕,면,소맥분,팜유,감자전분,초산전분,정제소금,난각칼슘,기타가공품(해물페이스트),면류첨가알칼리제(면미소),중합인산염,소스류(올리고녹차풍미액),비타민 B2,정제수,,,,,,,,,,,,,,,,,,,,,,,,,,,,,,,,,,,
RBJE2300,오징어짬뽕,스프류,정제소금,복합조미식품(오징어짬뽕분),백설탕,복합조미식품(해물볶음조미분NM),기타가공품(칠리맛조미분SB),복합조미식품(구운해물분),5-리보뉴클레오티드이나트륨,향신료조제품(볶음양념분-B),복합조미식품(짬뽕분말2호),복합조미식품(육수베이스분말NM),기타가공품(마늘베이스TK),기타엿(정제말토스),호박산이나트륨,복합조미식품(야채풍미유분말),후추가루,기타가공품(매운맛조미분TK),식품첨가물혼합제제(분말카라멜2호),복합조미식품(해물양념분말),복합조미식품(복합조미간장분말SH),덱스트린(분말덱스트린),과채가공품(건양배추),과채가공품(건당근),동결건조오징어,컬미역,건목이버섯,,,,,,,,,,,,,,,,,,,,,,
RCPE2301,오징어짬뽕컵,면,소맥분,팜유,감자전분,초산전분,정제소금(정제염),난각칼슘,면류첨가알칼리제(면미소),구아검,중합인산염,소스류(올리고녹차풍미액),비타민 B2,정제수,과채가공품(건양배추(대)),수산물가공품(동결건조오징어30),식용유지가공품(식물성풍미유),건파(건파3호),,,,,,,,,,,,,,,,,,,,,,,,,,,,,,,
RCPE2301,오징어짬뽕컵,스프류,복합조미식품(볶음해선베이스NM),정제염,복합조미식품(야채볶음풍미분NM),복합조미식품(매운맛분말HOT),기타가공품(칠리맛조미분SB),백설탕,당류가공품(알파덱스트린),기타가공품(파조미분말),복합조미식품(새우풍미분NM),기타가공품(마늘베이스TK),5-리보뉴클레오티드이나트륨,복합조미식품(조미양조간장분말),후추가루,호박산이나트륨,복합조미식품(오징어짬뽕분),복합조미식품(구운해물분),복합조미식품(홍합조미분VD),기타엿(정제말토스),식품첨가물혼합제제(분말카라멜2호),복합조미식품(맛베이스SW),복합조미식품(복합조미간장분말SH),포도당(정제포도당),기타가공품(양파풍미분SH),,,,,,,,,,,,,,,,,,,,,,,,
RBJJ0200,올리브짜파게티,면,소맥분,팜유,감자전분,초산전분,정제소금,식용유지가공품(식물성풍미유),난각칼슘,면류첨가알칼리제(면미소),중합인산염,소스류(올리고녹차풍미액),비타민 B2,정제수,기타가공품(올리브 조미유),,,,,,,,,,,,,,,,,,,,,,,,,,,,,,,,,,
RBJJ0200,올리브짜파게티,스프류,분말짜장-와이,백설탕(정백당),분말카라멜2호,짜장베이스씨에스,볶음조미소맥분(볶음조미소맥분1호),분말카라멜3호,야채오일분말,볶음조미옥수수분,조미짜장분말,5`-리보뉴클레오티드이나트륨,정제염,복합조미식품(볶음양파분),복합조미식품(발효사과분말),복합조미식품(짜장베이스분말JJ),복합조미식품(볶음조미감자분),두류가공품(대두단백2호),과채가공품(건양배추),기타가공품(튀김감자다이스),과채가공품(튀김양파V),과채가공품(건당근),양파풍미유,짜장풍미유2호,올리브유(혼합),양파조미유,,,,,,,,,,,,,,,,,,,,,,,
RCPE2700,육개장사발면,면,소맥분,팜유,감자전분,초산전분,정제소금(정제염),식용유지가공품(식물성풍미유),난각칼슘,면류첨가알칼리제(면미소),기타가공품(간장조미액),구아검,중합인산염,소스류(올리고녹차풍미액),비타민 B2,정제수,어묵(소용돌이맛살),어묵(건조맛살어묵),건파,기타가공품(계란스크램블MD),,,,,,,,,,,,,,,,,,,,,,,,,,,,,
RCPE2700,육개장사발면,스프류,복합조미식품(육개장조미료3호),정제소금,백설탕,덱스트린,복합조미식품(양념풍미분2호),복합조미식품(육수조미분말NM),향신료조제품(볶음양념분-B),복합조미식품(비프양념분말NM),기타가공품(마늘추출물분말),복합조미식품(복합양념분말NM),복합조미식품(팜유조미분말),후추가루,기타가공품(매운맛조미분NM),5-리보뉴클레오티드이나트륨,기타가공품(분말고추장2호),복합조미식품(수육조미분),호박산이나트륨,기타가공품(칠리풍미분말TK),복합조미식품(양념간장베이스SH),복합조미식품(조미아미노산간장분말SH),복합조미식품(양파풍미분SH),복합조미식품(복합조미간장분말SH),,,,,,,,,,,,,,,,,,,,,,,,,
RBJJ1500,짜왕,면,소맥분,감자전분,팜유,초산전분,정제소금(정제염),식용유지가공품(식물성풍미유),기타가공품(다시마분말),식용유지가공품(식물유지분말),기타가공품(야채조미추출물),면류첨가알칼리제(면미소),식품첨가물혼합제제(복합액상토코페롤),중합인산염,소스류(올리고녹차풍미액),정제수,,,,,,,,,,,,,,,,,,,,,,,,,,,,,,,,,
RBJJ1500,짜왕,스프류,백설탕,복합조미식품(짜장볶음분말),식품첨가물혼합제제(분말카라멜3호),복합조미식품(조미짜장분말),복합조미식품(간짜장분말),복합조미식품(돈골대파즙분말),곡류가공품(알파콘씨),복합조미식품(야채오일분말),복합조미식품(비프본오일분말),정제소금,복합조미식품(중화풍볶음분말),덱스트린,5-리보뉴클레오티드이나트륨,기타가공품(생강추출물분말),복합조미식품(짜장베이스분말JP),서류가공품(구운감자분말),복합조미식품(양파볶음분말),기타가공품(양파풍미분SH),미강유(현미유),양파조미유,참기름,짜장풍미유4호,파풍미유,건양배추,두류가공품(조미대두단백-L(S)),건감자튀김,과채가공품(튀김양파V),두류가공품(동결건조완두콩),,,,,,,,,,,,,,,,,,,
RBJJ1501,짜왕매운맛,면,소맥분,감자전분,팜유,초산전분,정제소금(정제염),식용유지가공품(식물성풍미유),다시마분말,식용유지가공품(식물유지분말),기타가공품(야채조미추출물),면류첨가알칼리제(면미소),복합액상토코페롤,중합인산염,소스류(올리고녹차풍미액),정제수,,,,,,,,,,,,,,,,,,,,,,,,,,,,,,,,,
RBJJ1501,짜왕매운맛,스프류,백설탕,복합조미식품(간짜장분말),과채가공품(조미청고추분말),식품첨가물혼합제제(분말카라멜3호),복합조미식품(조미짜장분말),복합조미식품(돈골대파즙분말),곡류가공품(알파콘씨),복합조미식품(볶음조미감자분),복합조미식품(볶음풍미분말),복합조미식품(볶음양파분),복합조미식품(야채오일분말),복합조미식품(비프본오일분말),복합조미식품(중화풍볶음분말),덱스트린,5-리보뉴클레오티드이나트륨,기타가공품(양파풍미분TK),복합조미식품(육수맛조미베이스NS),정제염,복합조미식품(생강추출물분말),기타가공품(매운맛조미분TK),복합조미식품(짜장베이스분말JJ),소스류(고추풍미액),미강유(현미유),매콤해물맛풍미유,참기름,짜장풍미유4호,간짬뽕풍미유,건양배추,두류가공품(조미대두단백-L(S),튀김감자,,,,,,,,,,,,,,,,,
RCPJ1502,짜왕매운맛큰사발면,면,소맥분,감자전분,팜유,초산전분,정제소금(정제염),식용유지가공품(식물유지분말),난각칼슘,기타가공품(야채조미추출물),기타가공품(다시마분말),면류첨가알칼리제(면미소),복합액상토코페롤,중합인산염,소스류(올리고녹차풍미액),정제수,두류가공품(대두단백),서류가공품(튀김감자),과채가공품(건양배추),,,,,,,,,,,,,,,,,,,,,,,,,,,,,,
RCPJ1502,짜왕매운맛큰사발면,스프류,백설탕,곡류가공품(호화옥수수분),복합조미식품(볶음조미감자분),복합조미식품(간짜장분말),식품첨가물혼합제제(분말카라멜3호),복합조미식품(조미짜장분말),과채가공품(조미청고추분말),복합조미식품(짜장베이스분말2호),복합조미식품(비프본오일분말),복합조미식품(볶음양파분),기타엿(정제말토스),복합조미식품(야채오일분말),복합조미식품(볶음풍미분말),복합조미식품(돈골대파즙분말),덱스트린,복합조미식품(중화풍볶음분말),5-리보뉴클레오티드이나트륨,정제소금,기타가공품(매운맛조미분TK),복합조미식품(육수맛조미베이스NS),복합조미식품(생강추출물분말),고추풍미액,미강유(현미유),매콤해물맛풍미유,참기름,짜장풍미유4호,간짬뽕풍미유,,,,,,,,,,,,,,,,,,,,
RCPJ1503,짜왕큰사발면,면,밀가루,감자전분,팜유,초산전분,정제염,식용유지가공품(식물유지분말),난각칼슘,기타가공품(야채조미추출물),기타가공품(다시마분말),면류첨가알칼리제,복합액상토코페롤,중합인산염,소스류(올리고녹차풍미액),두류가공품(동결건조완두콩),두류가공품(대두단백),과채가공품(건양배추(대)),과채가공품(튀김양파V),튀김식품(건감자튀김),,,,,,,,,,,,,,,,,,,,,,,,,,,,,
RCPJ1503,짜왕큰사발면,스프류,백설탕(정백당),곡류가공품(호화옥수수분),기타가공품(조미짜장분말),기타가공품(볶음조미감자분),분말카라멜,기타가공품(비프본오일분말),기타가공품(볶음양파분),기타엿(정제말토스),기타가공품(야채오일분말),기타가공품(볶음풍미분말),기타가공품(짜장볶음분말),기타가공품(돈골대파즙분말),정제염,기타가공품(중화풍볶음분말),5-리보뉴클레오티드이나트륨,덱스트린,기타가공품(육수맛조미베이스NS),기타가공품(생강추출물분말),미강유(현미유),양파조미유,참기름,짜장풍미유4호,,,,,,,,,,,,,,,,,,,,,,,,,
RCPJ0202,짜파게티범벅,면,소맥분,감자전분,팜유,초산전분,정제소금(정제염),식용유지가공품(식용유지분말),난각칼슘,면류첨가알칼리제(면미소),구아검,중합인산염,소스류(올리고녹차풍미액),비타민 B2,정제수,튀김식품(건감자튀김),두류가공품(대두단백),복합조미식품(조미볶음양파),과채가공품(건양배추),,,,,,,,,,,,,,,,,,,,,,,,,,,,,,
RCPJ0202,짜파게티범벅,스프류,백설탕,복합조미식품(분말짜장-와이),복합조미식품(짜장풍미료NM),식품첨가물혼합제제(분말카라멜2호),복합조미식품(볶음조미소맥분2호),식품첨가물혼합제제(분말카라멜3호),복합조미식품(볶음양파분),복합조미식품(야채오일분말),복합조미식품(볶음육베이스NM),복합조미식품(양파비프조미분NM),덱스트린,5-리보뉴클레오티드이나트륨,호화감자전분,복합조미식품(짜장풍미분),복합조미식품(수육조미분NM),복합조미식품(짜장풍미베이스),,,,,,,,,,,,,,,,,,,,,,,,,,,,,,,
RCPJ0203,짜파게티큰사발면,면,소맥분,감자전분,팜유,초산전분,정제소금(정제염),소스류(풍미조미소스),식용유지가공품(식물성풍미유),난각칼슘,면류첨가알칼리제(면미소),중합인산염,소스류(올리고녹차풍미액),비타민 B2,정제수,복합조미식품(조미볶음양파),과채가공품(건양배추),대두단백,,,,,,,,,,,,,,,,,,,,,,,,,,,,,,,
RCPJ0203,짜파게티큰사발면,스프류,백설탕,복합조미식품(짜장풍미료NM),복합조미식품(볶음조미감자분),복합조미식품(분말짜장-와이),식품첨가물혼합제제(분말카라멜2호),복합조미식품(볶음조미소맥분1호),식품첨가물혼합제제(분말카라멜3호),복합조미식품(짜장베이스씨에스),복합조미식품(야채오일분말),복합조미식품(볶음양파분),복합조미식품(양파비프조미분NM),복합조미식품(비프양념분말NM),5-리보뉴클레오티드이나트륨,호화감자전분,복합조미식품(매운맛풍미분),복합조미식품(발효사과분말),복합조미식품(짜장풍미베이스),식품첨가물혼합제제(수화검),,,,,,,,,,,,,,,,,,,,,,,,,,,,,
RCPT0100,튀김우동큰사발,면,소맥분,팜유,감자전분,초산전분,난각칼슘,정제소금(정제염),식용유지가공품(식물성풍미유),면류첨가알칼리제(면미소),중합인산염,소스류(올리고녹차풍미액),비타민 B2,정제수,튀김식품(맛포튀김),어묵(소용돌이맛살),어묵(건조반달오뎅-S),건미역,건파,과채가공품(조미건조홍고추2호),,,,,,,,,,,,,,,,,,,,,,,,,,,,,
RCPT0100,튀김우동큰사발,스프류,정제소금,백설탕,복합조미식품(다랑어추출물분말NM),분말결정포도당(포도당(정제)),복합조미식품(아미노산풍미분말),복합조미식품(조미양조간장분말),복합조미식품(아미노산베이스),복합조미식품(우동풍미분말),덱스트린,5-리보뉴클레오티드이나트륨,수산물가공품(김후레이크),식품첨가물혼합제제(분말카라멜2호),복합조미식품(육수맛조미베이스NS),천연향신료(후추분말),복합조미식품(김추출물분말NM),기타가공품(멸치조미분S),고춧가루(고춧가루T),호박산이나트륨,복합조미식품(복합조미간장분말SH),기타가공품(양파풍미분SH),,,,,,,,,,,,,,,,,,,,,,,,,,,
RBJG1100,김치라면,면,소맥분,변성전분,감자전분,글루텐,정제소금,난각분말,유화유지,마늘시즈닝,이스트엑기스,야채추출물,면류첨가알칼리제,비타민B2,녹차풍미유,,,,,,,,,,,,,,,,,,,,,,,,,,,,,,,,,,
RBJG1100,김치라면,스프류,정제소금,참맛숙성김치분,김치양념분,포도당,설탕,볶음양념분말,조미육수분말,고춧가루,찌개액젓분말,쇠고기육수분말,간장분말,감칠맛베이스,향미증진제,마늘양념분말,혼합야채분,진한감칠맛분,맛베이스,산도조절제,햄맛베이스분말,숙성마늘맛분,후추분말,조미김치분,참맛다대기양념분,칠리추출물,생강분말,구아검,칠리혼합추출물,매운칠리추출물,건조김치,건조김치후레이크,건파,건미역,,,,,,,,,,,,,,,
RCPG1101,김치면,면,소맥분,변성전분,팜유,글루텐,정제소금,난각분말,마늘시즈닝,치킨추출농축액,야채추출물,면류첨가알칼리제,비타민B2,녹차풍미유,,,,,,,,,,,,,,,,,,,,,,,,,,,,,,,,,,,
RCPG1101,김치면,스프류,건조김치,김치양념분말,포도당,옥수수전분,덱스트린,찌개액젓분말,진한감칠맛분,간장분말,참맛매운양념분말,설탕,정제소금,감칠맛베이스,마늘조미분말,조미김치분,쇠고기육수분말,효모조미분,볶음김치양념분말,간장베이스,김치찌개양념분말,유지혼합분말,향미증진제,토마토분말,칠리맛분말,칠리추출물,생강분말,산도조절제,후추분말,매운칠리추출물,건파,건미역,,,,,,,,,,,,,,,,,
RCPJ0100,볶음진짬뽕,면,밀가루(오티밀가루2호),밀가루(오티밀가루4호),변성전분(변성감자전분),감자전분,곡류가공품(글루텐(시랄)),기타가공품(수퍼믹스),정제소금,면류첨가알칼리제(알카린100에스),면류첨가알칼리제(알파포리겔),난각분말,소스류(감칠맛조미액),비타민B2(리보플라빈),저지방마가린(지방스프레드)(유화유지),"팜유(튀김유(R):팜유,녹차풍미유))",정제수,,,,,,,,,,,,,,,,,,,,,,,,,,,,,,,,
RCPJ0100,볶음진짬뽕,스프류,향미유(짬뽕향미유),향미유(고추맛추출기름),프락토올리고당,소스류(볶음짬뽕소스),소스류(짬뽕소스),정제수,백설탕,소스류(오징어엑기스),고추장(고향태양초고추장),복합조미식품(진한감칠맛분),포도당(함수결정포도당),소스류(버섯양념농축액),소스류(미더덕엑기스),기타가공품(유지혼합분말70),소스류(짬뽕양념농축액),소스류(야채농축액),복합조미식품(오징어양념분말),장류(혼합간장),기타가공품(칠리맛분말),복합조미식품(해물찌개브로스),마늘(생마늘민스),글리신,파프리카추출색소(파프리카10CU),소스류(칠리추출물),후추가루(순후추미분),5-리보뉴클레오티드이나트륨(I+G),건청경채,건당근칩,건양배추,어묵(오징어링후레이크),복합조미식품(조미쇠고기맛후레이크),건목이버섯,,,,,,,,,,,,,,,
RBJB1700,부대찌개라면,면,소맥분,변성전분,팜유,감자전분,글루텐,정제소금,유화유지,면류첨가알칼리제,햄맛페이스트,난각분말,비타민B2,녹차풍미유,,,,,,,,,,,,,,,,,,,,,,,,,,,,,,,,,,,
RBJB1700,부대찌개라면,스프류,사골육수농축액,야채농축액,부대찌개양념소스,정제수,복합지미분,설탕,덱스트린,식용우지,간장분말,마늘,진한감칠맛분,고춧가루,햄맛베이스분말,부대찌개양념분말,쇠고기베이스분말,참맛육수분말,야채양념소스,김치양념농축액,조미육수분말,포도당,소시지맛조미분말,쇠고기육수분말,이스트엑기스,유지혼합분말,햄맛페이스트,정제소금,칠리추출물,건청경채,조미쇠고기맛후레이크,건양배추,미트햄맛후레이크,소시지조미후레이크,건조김치,건파,건고추입자,,,,,,,,,,,,
RBJS1000,쇠고기미역국라면,면,곡류가공품(쌀가루),밀가루(오티밀가루2호),밀가루(오티밀가루4호),변성전분(타피오카초산전분),"팜유(튀김유(R)(팜유,녹차풍미유))",곡류가공품(글루텐),기타가공품(활성밀글루텐),기타가공품(알긴산나트륨),기타가공품(구아검),기타가공품(카르복시메틸셀룰로오스나트륨),정제소금(정제염),면류첨가알칼리제(알카린100S),기타가공품(난각분말),소스(이스트엑기스3),마가린(유화유지),비타민 B2(리보플라빈),,,,,,,,,,,,,,,,,,,,,,,,,,,,,,,
RBJS1000,쇠고기미역국라면,스프류,소스(양지풍미페이스트),소스(미역국농축페이스트),덱스트린(말토덱스트린),정제수(정제수),프락토올리고당(프락토올리고당),식육추출가공품(사골엑기스GT),복합조미식품(진한감칠맛분),백설탕(백설탕),마늘(마늘),기타 수산물가공품(미역분말),복합조미식품(쇠고기다시),복합조미식품(쇠고기육수분말),정제소금(정제염),간편미역,비프볼후레이크,볶은미역,조미쇠고기맛후레이크,,,,,,,,,,,,,,,,,,,,,,,,,,,,,,
RBJS1100,스낵면,면,밀가루(오티밀가루2호),밀가루(오티밀가루5호),감자전분,곡류가공품(글루텐),정제소금,면류첨가알칼리제(알카린OT),기타가공품(난각분말(뉴칼)),마가린(유화유지),비타민 B2(리보플라빈),"팜유(튀김유(R)(팜유,녹차풍미유))",변성전분(타피오카초산전분),소스류(이스트엑기스3),"과채가공품(야채엑기스(야채추출물(양파,마늘,대파,무,당근,양배추,효소,정제수),정제염,덱스트린,글리신,다시마엑기스,표고버섯엑기스)(면))",정제수,,,,,,,,,,,,,,,,,,,,,,,,,,,,,,,,,
RBJS1100,스낵면,스프류,정제소금,백설탕,분말결정포도당(함수결정포도당),복합조미식품(쇠고기육수분말),복합조미식품(간장분말),복합조미식품(간장베이스),복합조미식품(구운쇠고기분말),기타전분(옥수수전분),복합조미식품(감칠맛베이스),복합조미식품(표고버섯볶음분말),복합조미식품(쇠고기조림분말),복합조미식품(로스팅고추분말),복합조미식품(로스팅양파분말),식품첨가물(I+G(1:1)),고춧가루(고춧가루2호),복합조미식품(치킨추출농축분말),복합조미식품(참맛쇠고기양념분말),복합조미식품(소고기추출분말),향신료조제품(순후추미분),복합조미식품(순한간장분말),복합조미식품(지미맛분말),식품첨가물(호박산소다),복합조미식품(볶음마늘분말),복합조미식품(조미분말-1),식품첨가물(구연산),생강가루,소스(칠리추출물),건미역,건당근,복합조미식품(조미쇠고기맛후레이크-A),복합조미식품(참맛미역국분말),복합조미식품(진한감칠맛분),식품첨가물(불활성건조효모),,,,,,,,,,,,,,
RCPS1101,스낵면 Cup,면,밀가루(오티밀가루2호),변성전분(타피오카초산전분),곡류가공품(글루텐),정제소금(정제염),면류첨가알칼리제(알카린100에스),면류첨가알칼리제(알파포리겔),식용유지가공품(비트림G-8007),기타가공품(난각분말),비타민 B2(리보플라빈),소스(이스트엑기스),마가린(유화유지),"혼합식용유(튀김유(S)(팜유,고올레산해바라기유,녹차풍미유))",,,,,,,,,,,,,,,,,,,,,,,,,,,,,,,,,,,
RCPS1101,스낵면 Cup,스프류,정제소금(정제염),백설탕(정백당),복합조미식품(쇠고기육수분말),기타전분(옥전분),복합조미식품(간장분말),분말결정포도당(함수결정포도당),복합조미식품(간장베이스),복합조미식품(참맛쇠고기육수분말),복합조미식품(감칠맛베이스),복합조미식품(쇠고기조림분말),기타가공품(유지혼합분말70),식품첨가물(불활성건조효모),식품첨가물(I+G),복합조미식품(로스팅양파분말),복합조미식품(표고버섯볶음분말),복합조미식품(쇠고기추출물분말),복합조미식품(미역국농축분말),향신료조제품(순후추미분),복합조미식품(치킨추출농축분말),복합조미식품(쇠고기향미분말),고춧가루(고추가루2호),복합조미식품(비프분말),식품첨가물(호박산이나트륨),소스(칠리추출물),복합조미식품(조미쇠고기맛후레이크-A),수산물가공품(컬미역3호),과채가공품(실당근),,,,,,,,,,,,,,,,,,,,
RBJE1000,열라면,면,밀가루,변성전분(타피오카초산전분),곡류가공품(글루텐),정제소금,면류첨가알칼리제(알카린100에스),기타가공품(난각분말),"소스류(마늘시즈닝(마늘, 덱스트린.정제소금,젖산))",소스류(이스트엑기스OT),과채가공품(야채추출물),저지방마가린(지방스프레드)(유화유지),비타민 B2(리보플라빈),"팜유(튀김유(R)(팜유,녹차풍미유))",정제수,감자전분,,,,,,,,,,,,,,,,,,,,,,,,,,,,,,,,,
RBJE1000,열라면,스프류,정제소금,백설탕,분말결정포도당(함수결정포도당),소스류(칠리추출물),소스류(매운칠리추출물),복합조미식품(절임고추볶음분말),복합조미식품(간장분말),복합조미식품(간장베이스),복합조미식품(고추맛베이스),복합조미식품(버섯야채조미분말),고춧가루(고춧가루3호),복합조미식품(볶음마늘분),복합조미식품(조미육수분말),고춧가루(고춧가루2호),복합조미식품(참맛다대기양념분),복합조미식품(볶음양념분말),복합조미식품(로스팅육수분말),복합조미식품(매운고추양념분말),후추가루(순후추미분),복합조미식품(칠리맛분말),복합조미식품(복합지미분),글리신,DL-알라닌,복합조미식품(청양고추추출물분말),호박산이나트륨,구연산,복합조미식품(참맛쇠고기감칠맛분),복합조미식품(비프조미분말),식품첨가물(I+G(1:1)),건청경채,건청파,건당근,건표고버섯,건고추입자1호,,,,,,,,,,,,,
RBJE1300,오뚜기 오동통면,면,밀가루(오티밀가루2호),변성전분(변성감자전분),변성전분(타피오카초산전분),글루텐,정제염,면류첨가알칼리제(알카린100s),면류첨가알칼리제(알파포리겔),기타가공품(난각분말),소스(조미마늘엑기스),마가린(유화유지),팜유,,,,,,,,,,,,,,,,,,,,,,,,,,,,,,,,,,,,
RBJE1300,오뚜기 오동통면,스프류,과채가공품류(중파),건당근,어묵(건조맛살어묵),어묵(반달어묵후레이크),건조다시마,건미역(컬미역3호),분말결정포도당(함수결정포도당),백설탕(정백당),정제소금(정제염),소스류(매운칠리추출물),복합조미식품(칠리추출물),복합조미식품(홍합농축분말),기타 수산물가공품(미역분말),복합조미식품(가다랑어양념분말),복합조미식품(복합지미분),복합조미식품(오징어찌개분말),복합조미식품(감칠맛베이스),복합조미식품(참맛육수분말),복합조미식품(햄맛베이스분말),식물성크림(디에스티),복합조미식품(조미육수분말),복합조미식품(로스팅양파분말),옥수수전분,5-리보뉴클레오티드이나트륨(I+G(1:1)),복합조미식품(부대찌개양념분말),식품첨가물(글리신),식품첨가물(DL-알라닌),후추가루(순후추미분),기타가공품(칠리맛분말),복합조미식품(로스팅맛분말),호박산이나트륨(호박산소다),고춧가루(고추가루3호),구연산,,,,,,,,,,,,,,
RCPE1901,오모리부대찌개라면,면,밀가루(오티밀가루 2호),밀가루(오티밀가루 5호),변성전분(변성감자전분),감자전분(감자전분),변성전분(타피오카초산전분),곡류가공품(글루텐(시랄)),식용유지가공품(비트림G-8007),정제소금(정제소금),면류첨가알칼리제(알카린100S),면류첨가알칼리제(알파포리겔),기타가공품(난각분말),소스류(이스트엑기스3),소스류(감칠맛조미액),혼합간장(혼합간장),비타민 B2(리보플라빈),팜유(팜유2호),,,,,,,,,,,,,,,,,,,,,,,,,,,,,,,
RCPE1901,오모리부대찌개라면,스프류,건청경채,건파,정제소금,백설탕,복합조미식품(부대찌개양념분말),분말결정포도당(함수결정포도당),복합조미식품(조미육수분말),복합조미식품(간장베이스),복합조미식품(복합지미분),복합조미식품(매운고추양념분말),복합조미식품(쇠고기조림분말),복합조미식품(쇠고기추출물분말),복합조미식품(간장분말),복합조미식품(볶음김치양념분말),복합조미식품(사골양념분말),고춧가루,복합조미식품(청양초양념분말),잔탄검(잔탄검),소스류(칠리추출물),소스류(매운칠리추출물),기타전분(옥수수전분),정제수,프레스햄(미트햄),배추김치(오모리맛김치),소시지(국물용후랑크),두류가공품(베이크드빈스),채종유(유채유또는카놀라유)(카놀라유),복합조미식품(쇠고기명품다시),고추장,혼합제제류(띡-플로 케이),복합조미식품(햄맛분말),백설탕,배추김치(오모리묵은지),사골엑기스,추출가공식품(참치엑기스),경성가공치즈(체다치즈파우더),향미유(햄향풍미유),잔탄검,파프리카추출색소,,,,,,,,
RCPE1902,오모리참치찌개라면,면,밀가루(오티밀가루 2호),변성전분(변성감자전분),감자전분(감자전분),변성전분(타피오카초산전분),곡류가공품(글루텐),식용유지가공품(비트림G-8007),정제소금(정제염),면류첨가알칼리제(알카린100S),면류첨가알칼리제(알파포리겔),소스(조미마늘엑기스),마가린(유화유지),소스(감칠맛조미액),비타민 B2(리보플라빈),"팜유(튀김유(R)(팜유,녹차풍미유))",,,,,,,,,,,,,,,,,,,,,,,,,,,,,,,,,
RCPE1902,오모리참치찌개라면,스프류,과채가공품(건청경채),과채가공품(건파),정제소금(정제염),백설탕(백설탕),분말결정포도당(함수결정포도당),소스(칠리추출물),향미유(비프향미유),식품첨가물(산탄검),변성전분(변성감자전분),기타가공품(유지혼합분말70),식용유지가공품(비트림 G-8007),복합조미식품(참맛고추양념분말),복합조미식품(고추맛베이스),복합조미식품(볶음김치양념분말),복합조미식품(김치양념분),고춧가루(고춧가루3호),복합조미식품(복합지미분),복합조미식품(칠리맛분말),복합조미식품(간장베이스),복합조미식품(볶음마늘분),복합조미식품(숙성마늘맛분),복합조미식품(조미육수분말),향신료조제품(흑후추분말),식품첨가물(IMP+GMP),식품첨가물(글리신),식품첨가물(호박산2나트륨),정제수,김치,황다랑어,채종유(유채유또는카놀라유),복합조미식품(쇠고기다시),고추장,혼합제제,백설탕,김치류(오모리 묵은지),구연산,조개농축액,다시마엑기스,파프리카추출색소,양배추엑기스,양파엑기스,,,,,,
RBJJ1000,진라면(매운맛),면,밀가루,감자전분,변성전분,글루텐,정제소금,혼합제제(알카린OT),알파폴리겔,기타가공품(난각분말),비타민 B2,육수추출농축액,이스트엑기스3,마늘시즈닝,유화유지,팜유,,,,,,,,,,,,,,,,,,,,,,,,,,,,,,,,,
RBJJ1000,진라면(매운맛),스프류,정제소금,백설탕,포도당,칠리추출물,칠리혼합추출물,칠리맛분말,고추소스,참맛버섯양념분말,버섯야채조미분말,고추맛베이스,고춧가루3호,마늘농축조미분,볶은마늘분말,숙성마늘맛분,로스팅맛분말,후추가루,숙성양념분말,복합양념분말,간장분말,감칠맛분말,쇠고기육수분말,볶음양념분말,조미육수분말,참맛양념분말,발효복합분,감칠맛베이스,육수맛조미분,로스팅조미분말,육수맛분말,맛베이스-1,진한감칠맛분,I+G,호박산이나트륨,구아검,글리신,DL-사과산,오뚜기참치간장분말,육수추출농축분말,참맛효모조미분말,조미쇠고기,후레이크,건파,건당근,건표고버섯,건청경채,건고추입자,
RBJJ1001,진라면(순한맛),면,밀가루,감자전분,변성전분,글루텐,정제소금,혼합제제(알카린OT),알파폴리겔,기타가공품(난각분말),비타민 B2,육수추출농축액,이스트엑기스3,마늘시즈닝,유화유지,"팜유(튀김유(R)(팜유,녹차풍미유))",정제수(정제수),,,,,,,,,,,,,,,,,,,,,,,,,,,,,,,,
RBJJ1001,진라면(순한맛),스프류,정제소금,백설탕,포도당,칠리혼합추출물,참맛양지분말,참맛사골양념분말,참맛볶음장분말,비프베이스분말,쇠고기육수분말,육수맛조미분,볶은마늘분말,마늘농축조미분,숙성마늘맛분,간장베이스,간장분말,로스팅조미분말,고추맛베이스,홍고추분말,사골양념분말,복합양념분말,볶음향미분말,조미야채분말,후추가루,감칠맛베이스,맛베이스-1,진한감칠맛분,오뚜기비프시즈닝,감칠맛다시,유지혼합분말70,조미육수분말,효모추출분말,아지티드I+G,글리신,DL-알라닌,호박산이나트륨,옥수수전분,육수추출농축분말,오뚜기참치간장분말,매운고추양념분말,참맛효모조미분말,조미쇠고기,후레이크,건파,건당근,건표고버섯,건미역,건청경채
RCPJ1002,진라면Cup매운맛,면,밀가루,변성전분,글루텐,정제소금,알카린100에스,기타가공품(난각분말),비타민 B2,비트림,마늘시즈닝,유화유지,팜유,고올레산,해바라기유,녹차풍미유,,,,,,,,,,,,,,,,,,,,,,,,,,,,,,,,,
RCPJ1002,진라면Cup매운맛,스프류,정제소금,백설탕,포도당,칠리추출물,고추소스,참맛,매운육수분말,간장분말,맛베이스OK-2,숙성마늘맛분,발효복합분,옥수수전분,칠리맛분말,볶은마늘분말,고추가루3호,후추가루,I+G,구아검,호박산이나트륨,DL-사과산,건파,건당근,건청경채,조미쇠고기,후레이크,건표고버섯,건고추입자,복합조미식품(복합지미분(분말스프)),복합조미식품(로스팅육수분말 (분말스프)),,,,,,,,,,,,,,,,,,
RCPJ1003,진라면Cup순한맛,면,밀가루,초산전분(타피오카변성전분),곡류가공품(글루텐),정제소금,면류첨가알칼리제(알카린100에스),기타가공품(난각분말),비타민 B2,식용유지가공품(비트림),소스류(마늘시즈닝),저지방마가린(지방스프레드)(유화유지),팜유,식용유지류(고올레산해바라기유),기타가공품(녹차풍미유),,,,,,,,,,,,,,,,,,,,,,,,,,,,,,,,,,
RCPJ1003,진라면Cup순한맛,스프류,정제소금,백설탕,옥수수전분,복합조미식품(참맛육수분말),복합조미식품(조미육수분말),복합조미식품(진한육수분말),복합조미식품(참맛볶음장분말),복합조미식품(간장양념베이스),복합조미식품(간장분말),복합조미식품(감칠맛조미분),복합조미식품(조미야채분말),복합조미식품(마늘양념분말),복합조미식품(복합양념분말),고춧가루(고추가루2호),후추가루,복합조미식품(진한감칠맛분),글리신,DL-알라닌,호박산이나트륨,식용유지가공품(비트림),기타가공품(유지혼합분말70),5-리보뉴클레오티드이나트륨,건파,건당근,복합조미식품(조미쇠고기맛후레이크-A),과채가공품(건조청경채),건표고버섯,건미역,,,,,,,,,,,,,,,,,,,
RBJJ1100,진비빔면,면,밀가루(오티밀가루2호),변성전분(변성감자전분),변성전분(타피오카초산전분),곡류가공품(글루텐),곡류가공품(귀리식이섬유),두류가공품(분리대두단백),정제소금,면류첨가알칼리제(알카린100에스),면류첨가알칼리제(알파포리겔),소스(야채풍미액),식품첨가물(리보플라빈),팜유(팜유2호),,,,,,,,,,,,,,,,,,,,,,,,,,,,,,,,,,,
RBJJ1100,진비빔면,스프류,백설탕,고추장(태양초고추장OT),소스(농축사과과즙),발효식초(오뚜기사과식초),프락토올리고당,정제수,복합조미식품(참맛매운육수분말),변성전분(변성감자전분),소스(타마린드양념소스),마늘,정제소금,소스(핫레드페퍼소스-2),복합조미식품(참맛지미분말),기타가공품(효모추출조미분말),분말결정포도당(함수결정포도당),복합조미식품(양파시즈닝분말),소스(버섯양념농축액),소스(칠리추출물),소스(냉면양념장소스),식용유지류(백세참기름),식품첨가물(DL-사과산),식품첨가물(DL-알라닌),소스(겨자맛페이스트NM),식품첨가물(호박산이나트륨),소스(칠리추출물),기타가공품(볶음참깨-1),복합조미식품(혼합야채분),기타가공품(옛날볶음참깨분말),수산물가공품(구운김후레이크R-1),,,,,,,,,,,,,,,,,,
RBJJ1200,진진짜라,면,소맥분,감자전분,변성전분,팜유,글루텐,정제소금,유화유지,면류첨가알칼리제,난각분말,양파엑기스,감칠맛베이스,복합지미분,구아검,알긴산나트륨,셀룰로스검,비타민B2,녹차풍미유,,,,,,,,,,,,,,,,,,,,,,,,,,,,,,
RBJJ1200,진진짜라,스프류,볶음짜장소스,참맛간짜장페이스트,올리고당,정제수,짬뽕양념농축액,해물양념소스,설탕,삼선짜장페이스트,오징어엑기스,식물성유지,짜장시즈닝분말,진한감칠맛분,양파풍미유,짬뽕향미유,짜장조미분말,참맛간짜장분말,고춧가루,감칠맛베이스,효모추출조미분말,향미증진제,짜장시즈닝오일,오징어양념분말,영양강화제,시즈닝분말,로스팅양파분말,칠리추출물,웍풍미소스,대두단백,건양배추,동결건조완두콩,계란조미후레이크,조미쇠고기맛후레이크,튀김감자다이스,건양파,,,,,,,,,,,,,
RBJJ1300,진짜장,면,밀가루(오티밀가루4호),변성전분(변성감자전분),감자전분(감자전분),곡류가공품(글루텐),기타가공품(활성밀글루텐),기타가공품(알긴산나트륨),기타가공품(구아검),기타가공품(카르복시메틸셀룰로오스나트륨),정제소금(정제염),면류첨가알칼리제(알카린100S),면류첨가알칼리제(알파포리겔),기타가공품(난각분말),비타민 B2(리보플라빈),복합조미식품(감칠맛베이스),복합조미식품(복합지미분),소스(양파엑기스),마가린(유화유지),"팜유(튀김유(R)(팜유,녹차풍미유))",,,,,,,,,,,,,,,,,,,,,,,,,,,,,
RBJJ1300,진짜장,스프류,소스(참맛간짜장페이스트),소스(볶음짜장소스),소스(삼선짜장페이스트),옥수수기름(옥배유),프락토올리고당(프락토올리고당),향미유(양파풍미유),향미유(짜장시즈닝오일),정제수(정제수),백설탕,정제소금,분말결정포도당(함수결정포도당),복합조미식품(시즈닝분말),복합조미식품(양파볶음베이스),복합조미식품(짜장조미분말),복합조미식품(짜장시즈닝분말),복합조미식품(참맛간짜장분말),복합조미식품(로스팅양파분),복합조미식품(참맛효모조미분말),복합조미식품(구운쇠고기분말),복합조미식품(진한감칠맛분),식품첨가물(I+G),식품첨가물(글리신),식품첨가물(DL-알라닌),건양배추,콩단백,복합조미식품(조미쇠고기맛후레이크),건양파칩,튀김식품(튀김감자다이스),두류가공품(동결건조완두콩),어묵(계란조미후레이크),,,,,,,,,,,,,,,,,
RBJJ1400,진짜쫄면,면,밀가루(소맥분),변성전분(변성감자전분),감자전분,변성전분(타피오카초산전분),고구마전분,곡류가공품(글루텐),기타가공품(수퍼믹스),정제소금,면류첨가알칼리제(알카린OT),면류첨가알칼리제(알파포리겔),소스(조미마늘엑기스),비타민 B2,팜유(팜유2호),,,,,,,,,,,,,,,,,,,,,,,,,,,,,,,,,,
RBJJ1400,진짜쫄면,스프류,고추장(태양초고추장),백설탕,프락토올리고당,소스(고추장맛깔소스),정제수,소스(무초절임액),식초(사과식초),복합조미식품(감칠맛베이스),고춧가루,소스(버섯양념농축액),양파,참기름(백세참기름),마늘,소스(칠리추출물(JS)),소스(칠리추출물(성보)),덱스트린(말토덱스트린),5-리보뉴클레오티드이나트륨(I+G(1:1)),기타가공품(옛날볶음참깨분말),DL-사과산,복합조미식품(진한풍미맛분),기타가공품(칠리맛분말),정제소금,생강가루,,,,,,,,,,,,,,,,,,,,,,,,
RBJJ0101,진짬뽕,면,소맥분,감자전분,팜유,변성전분,글루텐,정제소금,감칠맛조미액,야채풍미액,면류첨가알칼리제,난각분말,구아검,알긴산나트륨,셀룰로스검,비타민B2,녹차풍미유,,,,,,,,,,,,,,,,,,,,,,,,,,,,,,,,
RBJJ0101,진짬뽕,스프류,정제수,짬뽕양념농축액,해물양념소스,홍합농축분말,오징어엑기스,닭육수농축액,홍합농축액,해물야채볶음소스,사골엑기스,미더덕엑기스,짬뽕향미유,볶음야채풍미유,오징어양념분말,마늘,양파,감칠맛베이스,진한감칠맛분,고춧가루,해물찌개브로스,조미육수분말,고추맛추출기름,조미채종유,설탕,향미증진제,웍풍미소스,덱스트린,칠리추출물,매운칠리추출물,영양강화제,건청경채,건양배추,오징어조미후레이크,건당근,게맛살조미후레이크,건파,건미역,건목이버섯,,,,,,,,,,
RCPJ0102,진짬뽕 Cup,면,밀가루(오티밀가루4호),변성전분(타피오카초산전분),감자전분(감자전분),변성전분(변성감자전분),곡류가공품(글루텐),기타가공품(수퍼믹스),식용유지가공품(비트림G-8007),정제소금,면류첨가알칼리제(알카린100에스),면류첨가알칼리제(알파포리겔),기타가공품(난각분말),비타민 B2,복합조미식품(시즈닝분말),소스류(감칠맛조미액),저지방마가린(지방스프레드)(유화유지),"혼합식용유(튀김유(S)(팜유,고올레산해바라기유,녹차풍미유))",,,,,,,,,,,,,,,,,,,,,,,,,,,,,,,
RCPJ0102,진짬뽕 Cup,스프류,소스류(짬뽕양념농축액),소스류(해물양념소스),소스류(오징어엑기스),소스류(미더덕엑기스),식육추출가공품(사골엑기스GT),소스류(닭육수농축액),마늘,정제소금,소스류(웍풍미소스),복합조미식품(홍합농축분말),복합조미식품(감칠맛베이스),복합조미식품(오징어양념분말),복합조미식품(진한감칠맛분),고춧가루(고추가루2호),식물성크림(디에스티),백설탕,덱스트린(말토덱스트린),복합조미식품(해물찌개브로스),5-리보뉴클레오티드이나트륨(I+G),글리신,소스류(칠리추출물),고춧가루(고춧가루3호),DL-알라닌,구아검,정제수,향미유(짬뽕향미유),향미유(고추맛추출기름),향미유(조미채종유),콩기름(대두유),과채가공품(건청경채),건양배추,건당근,수산물가공품(오징어조미후레이크),어묵(게맛살조미후레이크),건미역,양파,,,,,,,,,,,
RCPC0100,참깨라면 Cup,면,소맥분,변성전분,팜유,고올레산해바라기유,볶음참깨분말,정제소금,글루텐,사골엑기스,유화유지,난각분말,면류첨가알칼리제,기타식용유지가공품,비타민B2,녹차풍미유,,,,,,,,,,,,,,,,,,,,,,,,,,,,,,,,,
RCPC0100,참깨라면 Cup,스프류,계란,덱스트린,파,물엿,볶음참깨,정제소금,참기름,포도당,간장분말,고추맛추출기름,매운고추양념분말,고춧가루,간장베이스,식물성유지,참맛육수분말,복합지미분,옥수수전분,감칠맛베이스,설탕,사태양념분말,조미육수분말,고소한향미분말,고소한맛풍미유,후추분말,쇠고기베이스분말,혼합야채분,볶음마늘분,향미증진제,볶음참깨분말,마늘양념분말,참맛매운양념분말,식물성크림,구아검,로스팅조미분말,구운김,매운칠리추출물,칠리추출물,,,,,,,,,,
RCPK0800,컵누들 매콤한맛,면,"당면(감자전분, 녹두전분)",,,,,,,,,,,,,,,,,,,,,,,,,,,,,,,,,,,,,,,,,,,,,,
RCPK0800,컵누들 매콤한맛,스프류,정제소금,백설탕(정백당),분말결정포도당(함수결정포도당),복합조미식품(진한감칠맛분),복합조미식품(쇠고기육수분말),복합조미식품(김치양념분말),복합조미식품(마늘양념분말),난소화성말토덱스트린(고시형)(화이버솔2),덱스트린(말토덱스트린),복합조미식품(감칠맛조미분),복합조미식품(청양초양념분말),복합조미식품(매운고추양념분말),복합조미식품(참맛다대기양념분),복합조미식품(감칠맛베이스),복합조미식품(유지맛분말),복합조미식품(건조김치분말),복합조미식품(간장분말),복합조미식품(마늘간장조림분말),복합조미식품(오뚜기참치간장분말),복합조미식품(볶음마늘분),고춧가루(고춧가루3호),향미증진제(I+G(1:1)),추출가공식품(피쉬콜라겐),식품첨가물혼합제제(효모추출물FIG01),기타가공품(청양고추추출물분말),향미유(고추맛추출기름),소스류(칠리추출물),건청파,건당근,건청경채,건조김치,어묵(건조꽃맛살어묵),고추어포,,,,,,,,,,,,,,
RCPK0801,컵누들 우동맛,면,"당면(감자전분, 녹두전분)",,,,,,,,,,,,,,,,,,,,,,,,,,,,,,,,,,,,,,,,,,,,,,
RCPK0801,컵누들 우동맛,스프류,백설탕(정백당),정제소금,복합조미식품(간장분말),덱스트린(말토덱스트린),분말결정포도당(함수결정포도당),복합조미식품(순한간장분말),복합조미식품(양조간장분말-1),복합조미식품(가쓰오과립분말),복합조미식품(참치조미분말),난소화성말토덱스트린(고시형)(화이버솔-2),복합조미식품(감칠맛베이스),복합조미식품(맛베이스-1),복합조미식품(우동베이스분말),향미증진제(I+G(1:1)),곡류가공품(밀단백농축분말),조미식품(홍고추분말),식물성유지(옥수수유),향미증진제(글리신),고춧가루(고춧가루3호),추출가공식품(피쉬콜라겐),복합조미식품(쇠고기육수분말),별미튀김,어묵(건조꽃맛살어묵),건파,건미역,,,,,,,,,,,,,,,,,,,,,,
RCPK1000,콕콕콕 라면볶이,면,소맥분,변성전분,팜유,감자전분,기타식용유지가공품,글루텐,난각분말,이스트엑기스,면류첨가알칼리제,비타민B2,녹차풍미유,,,,,,,,,,,,,,,,,,,,,,,,,,,,,,,,,,,,
RCPK1000,콕콕콕 라면볶이,스프류,고추장,설탕,정제수,올리고당,양파,고추장양념소스,마늘,양조간장,정제소금,로스팅고추분말,고춧가루,사골엑기스,칠리시즈닝소스,향미증진제,참치조미간장,야채볶음분말,로스팅양파분말,진한감칠맛분,산도조절제,칠리추출물,시즈닝분말,지미맛분말,후추분말,건양배추,건파,건조맛살어묵,,,,,,,,,,,,,,,,,,,,,
RCPK1001,콕콕콕 스파게티,면,소맥분,팜유,변성전분,감자전분,글루텐,기타식용유지가공품,난각분말,면류첨가알칼리제,육수추출농축액,녹차풍미유,비타민B2,,,,,,,,,,,,,,,,,,,,,,,,,,,,,,,,,,,,
RCPK1001,콕콕콕 스파게티,스프류,토마토페이스트,설탕,올리고당,식물성유지,화이트식초,덱스트린,정제소금,아라비아따소스,토마토분말,치즈분말,생크림분말,허브앤치즈믹스,양파,피망,올리브유,포도당,버터체다혼합분말,향미증진제,참맛순한향신분말,마늘,스파게티소스분말,파프리카추출색소,배농축조미액,진한감칠맛분,토마토향미유,스파이스조미분말,후추분말,산도조절제,조미맛단백,건스위트콘,건당근,,,,,,,,,,,,,,,,
RCPK1002,콕콕콕 짜라볶이,면,밀가루(오티밀가루4호),밀가루(오티밀가루5호),변성전분(타피오카초산전분),곡류가공품(글루텐),식용유지가공품(비트림G-8007),면류첨가알칼리제(알카린100S),소스(이스트엑기스3),식품첨가물(리보플라빈),팜유(팜유2호),정제소금,백설탕,,,,,,,,,,,,,,,,,,,,,,,,,,,,,,,,,,,,
RCPK1002,콕콕콕 짜라볶이,스프류,향미증진제(호박산소다),복합조미식품(지미맛분말),식품첨가물(I+G(1:1)),식품첨가물(사과산),복합조미식품(진한감칠맛분),식품첨가물(글리신),복합조미식품(로스팅양파분말),복합조미식품(로스팅고추분말),고춧가루(고춧가루2호),복합조미식품(야채볶음분말),천연향신료(순후추),카라멜색소(카라멜분말),고추장,소스(고추장양념소스),소스(칠리시즈닝소스),올리고당,양조간장(양조간장골드),효소분해간장(참치조미간장),식육추출가공품(사골엑기스GT),소스(칠리추출물),정제수,양파,마늘,복합조미식품(참맛간짜장분말),백설탕,복합조미식품(짜장조미분말),복합조미식품(짜장시즈닝분말),분말결정포도당(함수결정포도당),복합조미식품(로스팅양파분말),정제소금,카라멜색소(카라멜분말),복합조미식품(야채육수분말),복합조미식품(복합지미분),향미유(양파시즈닝오일),식품첨가물(I+G(1:1)),복합조미식품(조미맛단백2호),과채가공품(건양배추),과채가공품(건양파),,,,,,,,,
RCPK1003,콕콕콕 짜장볶이,면,소맥분,변성전분,팜유,감자전분,기타식용유지가공품,글루텐,난각분말,이스트엑기스,면류첨가알칼리제,비타민B2,녹차풍미유,,,,,,,,,,,,,,,,,,,,,,,,,,,,,,,,,,,,
RCPK1003,콕콕콕 짜장볶이,스프류,참맛간짜장분말,설탕,짜장조미분말,짜장시즈닝분말,로스팅양파분말,포도당,시즈닝분말,정제소금,야채육수분말,유지혼합분말,복합지미분,양파시즈닝오일,향미증진제,건양배추,대두단백,건양파,,,,,,,,,,,,,,,,,,,,,,,,,,,,,,,
RCPK1004,콕콕콕 치즈볶이,면,소맥분,변성전분,팜유,감자전분,기타식용유지가공품,글루텐,난각분말,이스트엑기스,면류첨가알칼리제,비타민B2,녹차풍미유,,,,,,,,,,,,,,,,,,,,,,,,,,,,,,,,,,,,
RCPK1004,콕콕콕 치즈볶이,스프류,버터체다혼합분말,체다치즈분말,설탕,정제소금,치즈혼합분말,유청분말,포도당,복합지미분,감자전분,향미증진제,분말유크림,뉴크림전지분,혼합야채분,고춧가루,잔탄검,파슬리후레이크,치즈향미분,강황,,,,,,,,,,,,,,,,,,,,,,,,,,,,,
RBJJ0103,크림진짬뽕,면,소맥분,변성전분,팜유,감자전분,정제소금,글루텐,기타식용유지가공품,귀리식이섬유,불활성건조효모,구아검,알긴산나트륨,셀룰로스검,이스트엑기스,양파엑기스,난각분말,면류첨가알칼리제,유화유지,녹차풍미유,비타민B2,,,,,,,,,,,,,,,,,,,,,,,,,,,,
RBJJ0103,크림진짬뽕,스프류,설탕,생크림분말,유지혼합분말,치즈분말에프,뉴크림전지분,정제수,짬뽕양념농축액,짬뽕향미유,해물양념소스,난황분,참맛지미분말,오징어엑기스,마스카포네치즈분말,알파옥수수분말,고추맛추출기름,홍합농축분말,볶음야채풍미유,변성전분,순한고추맛분말,치즈향미분,감칠맛베이스,미더덕엑기스,향미증진제,마늘,진한감칠맛분,오징어양념분말,조미채종유,고춧가루,해물야채볶음소스,닭육수농축액,사골엑기스,양파,볶음야채분말,덱스트린,볶음마늘분,홍합농축액,조미육수분말,해물찌개브로스,닭육수분말,혼합제제,파슬리후레이크,정제소금,웍풍미소스,칠리추출물,영양강화제,매운칠리추출물,
RBJB0200,까르보불닭볶음면,면,소맥분,변성전분,팜유,정제염,미감에스유,면류첨가알칼리제,구아검,"토코페롤혼합분말에스{덱스트린,d-토코페롤,시클로덱스트린,유화용전분믹스}",비타민B2,구연산,녹차풍미유,,,,,,,,,,,,,,,,,,,,,,,,,,,,,,,,,,,,
RBJB0200,까르보불닭볶음면,스프류,정백당,혼합전지분유,삼양간장본,크림맛분말,정제수,그릴치킨농축액,치킨향분말,정제염,변성전분,하바네로맛시즈닝,대두유,모짜렐라치즈분말,버터시즈닝분말,양파,고추분,고추씨향미유,맛베이스에스,매운고추베이스분말,마늘,파슬리후레이크,지미강화육수분말,후추분,마늘분말,파프리카추출물,탈색칠리추출물,치킨카레맛베이스,유산균발효분말,,,,,,,,,,,,,,,,,,,,
RBJN0100,나가사끼짬뽕,면,소맥분,변성전분,팜유,정제염,미감에스유,해물베이스,면류첨가알칼리제,구아검,비타민B2,구연산,녹차풍미유,,,,,,,,,,,,,,,,,,,,,,,,,,,,,,,,,,,,
RBJN0100,나가사끼짬뽕,스프류,정제염,청양고추시즈닝분말,돈골농축액분말,정백당,짬뽕육수베이스,쌀가루,조미맛분,간장조미분말,향미증진제,사골풍미분,채소풍미유분말,지미강화육수분말,굴농축액분말,볶음짬뽕베이스,새우엑기스분말,후추분,채소풍미유,짬뽕향미유,하바네로맛시즈닝,건양배추,청경채,실당근,동결건조오징어,건파,목이버섯,조미건조홍고추,,,,,,,,,,,,,,,,,,,,,
RBJB0201,도전! 불닭비빔면,면,소맥분,변성전분,팜유,정제염,미감에스유,면류첨가알칼리제,구아검,파프리카추출물,구연산,녹차풍미유,,,,,,,,,,,,,,,,,,,,,,,,,,,,,,,,,,,,,
RBJB0201,도전! 불닭비빔면,스프류,고과당,정백당,정제수,삼양간장본,태양초고추장,양조식초,동치미엑기스,그릴치킨농축액,치킨향분말,양파,고추분,매운조미고추맛분,마늘,사과농축액,하바네로맛시즈닝,매실농축액,변성전분,탈색칠리추출물,참기름,파프리카추출물,DL-사과산,조미맛분,향미증진제,대파즙분말,유산균발효분말,,,,,,,,,,,,,,,,,,,,,,
RBJB0202,라이트 불닭볶음면,면,소맥분,변성전분,활성소맥글루텐,정제염,미감에스유,양파엑기스,면류첨가알칼리제,허브추출물,"토코페롤혼합분말에스(덱스트린, d-토코페롤, 시클로덱스트린, 유화용전분믹스)",비타민B2,,,,,,,,,,,,,,,,,,,,,,,,,,,,,,,,,,,,,
RBJB0202,라이트 불닭볶음면,스프류,정제수,삼양간장본,정백당,그릴치킨농축액,치킨향분말,하바네로맛시즈닝,대두유,양파,고추분,고추씨향미유,맛베이스에스,매운고추베이스분말,마늘,변성전분,지미강화육수분말,파프리카추출물,탈색칠리추출물,후추분,치킨카레맛베이스,유산균발효분말,볶음참깨,구운김후레이크,,,,,,,,,,,,,,,,,,,,,,,,,
RBJM0400,맛있는라면,면,소맥분,변성전분,팜유,정제염,미감에스유,탈지참깨분말,면류첨가알칼리제,구아검,양파엑기스,비타민B2,구연산,녹차풍미유,,,,,,,,,,,,,,,,,,,,,,,,,,,,,,,,,,,
RBJM0400,맛있는라면,스프류,장수베이스,정백당,정제염,맛베이스에스,양념갈비맛분말,땅콩전지-엠,발효간장베이스,육수맛분말,돈육풍미분말,매운고추베이스분말,볶음양념분말,비프조미분말,혼합양념분말,사골풍미분,농후미,매운양념분말,채소풍미유분말,콩나물엑기스분말,베이컨향분말,후추분,고추분,햄맛분말,매운조미고추맛분,지미강화베이스분말,마늘맛오일,파프리카추출물,고추씨향미유,비프맛시즈닝오일,향미증진제,건파,실당근,청경채,표고슬라이스,건브로콜리후레이크,동결건조대파,,,,,,,,,,,,
RBJB0203,미트스파게티 불닭볶음면,면,소맥분,변성전분,팜유,활성소맥글루텐,정제염,미감에스유,면류첨가알칼리제,구아검,비타민B2,구연산,녹차풍미유,,,,,,,,,,,,,,,,,,,,,,,,,,,,,,,,,,,,
RBJB0203,미트스파게티 불닭볶음면,스프류,정제수,토마토게찹,정백당,감칠맛베이스,굴소스티케이,비프추출물(우정육),양파,치킨향분말(계육),대두유,혼합치즈분말,매운치즈소스,토마토분말,모짜렐라치즈분말,하바네로맛시즈닝,버터시즈닝분말,정제염,파슬리후레이크,파프리카추출물,향미증진제,탈색칠리추출물,변성전분,후추분,바질분말,오레가노분말,치킨카레맛베이스,유산균발효분말,조미비프맛후레이크,,,,,,,,,,,,,,,,,,,,
RBJB0204,불닭볶음면,면,소맥분,변성전분,팜유,활성소맥글루텐,정제염,미감에스유,면류첨가알칼리제,구아검,비타민B2,구연산,녹차풍미유,,,,,,,,,,,,,,,,,,,,,,,,,,,,,,,,,,,,
RBJB0204,불닭볶음면,스프류,정제수,삼양간장본,정백당,그릴치킨농축액,치킨향분말,대두유,하바네로맛시즈닝,양파,고추분,고추씨향미유,맛베이스에스,매운고추베이스분말,마늘,지미강화육수분말,변성전분,탈색칠리추출물,파프리카추출물,후추분,치킨카레맛베이스,유산균발효분말,볶음참깨,구운김후레이크,,,,,,,,,,,,,,,,,,,,,,,,,
RBJS0600,삼양라면 매운맛,면,소맥분,변성전분,팜유,정제염,미감에스유,양파엑기스,면류첨가알칼리제,구아검,비타민B2,구연산,녹차풍미유,,,,,,,,,,,,,,,,,,,,,,,,,,,,,,,,,,,,
RBJS0600,삼양라면 매운맛,스프류,"부대찌개베이스{마늘,정제염}",정제염,감칠맛베이스에스,정백당,햄맛분말,마늘분말,청양고추시즈닝분말,양지맛무국베이스,매운고추베이스분말,후추분,베이컨향분말,부대찌개분말,돈육풍미분말,향미증진제,파프리카추출물,대두유,지미강화베이스분말,칠리추출물,청경채,실당근,건양배추,건파,햄맛후레이크,조미건조홍고추,,,,,,,,,,,,,,,,,,,,,,,
RBJS0601,삼양라면 오리지널,면,소맥분,변성전분,팜유,정제염,미감에스유,면류첨가알칼리제,구아검,양파엑기스,스프플레이버,녹차풍미유,비타민B2,구연산,,,,,,,,,,,,,,,,,,,,,,,,,,,,,,,,,,,
RBJS0601,삼양라면 오리지널,스프류,부대찌개양념베이스,정제염,정백당,표고버섯맛분말,효모추출물,식물성간장분말,맛베이스에스,청양고추시즈닝분말,볶음양념분말,흑후추분말,고춧가루,매운조미고추맛분,팜유,호화미분,혼합전지분유,향미증진제,마늘맛오일,파프리카추출물,DL-사과산,"분말카라멜(카라멜색소,말토덱스트린)",건청경채후레이크,건파,조미비프맛후레이크,햄맛후레이크,건당근후레이크,건양배추후레이크,,,,,,,,,,,,,,,,,,,,,
RBJS0700,삼양비빔면,면,소맥분,변성전분,팜유,정제염,미감에스유,면류첨가알칼리제,구아검,파프리카추출물,녹차풍미유,구연산,,,,,,,,,,,,,,,,,,,,,,,,,,,,,,,,,,,,,
RBJS0700,삼양비빔면,스프류,정백당,고과당,태양초고추장,사과농축액,정제수,발효식초,감칠맛베이스,정제염,고춧가루,배농축액,마늘,아카시아꿀,변성전분,맛베이스에스,삼양간장본,파프리카추출물,매실농축액,DL-사과산,매운조미고추맛분,김후레이크,스테비올배당체,유산균발효분말,,,,,,,,,,,,,,,,,,,,,,,,,
RBJJ1600,짜짜로니,면,소맥분,변성전분,팜유,활성소맥글루텐,정제염,미감에스유,면류첨가알칼리제,구아검,구연산,녹차풍미유,,,,,,,,,,,,,,,,,,,,,,,,,,,,,,,,,,,,,
RBJJ1600,짜짜로니,스프류,정제수,"춘장{소맥분, 카라멜, 대두, 정제소금, 알파탈지대두분}",양파,정백당,짜장분말,대두유,말토덱스트린,카라멜색소,숯불맛분말,정제염,조미사골풍미분,식물성크림분말,양파분,압착올리브유,조미콩단백분,고과당,맛베이스에스,향미증진제,신미제,이스트엑기스분말,유산균발효분말,조미콩단백,양파후레이크,건양배추,동결건조완두콩,,,,,,,,,,,,,,,,,,,,,,
RBJB0205,치즈불닭볶음면,면,소맥분,변성전분,팜유,활성소맥글루텐,정제염,미감에스유,면류첨가알칼리제,구아검,비타민B2,구연산,녹차풍미유,,,,,,,,,,,,,,,,,,,,,,,,,,,,,,,,,,,,
RBJB0205,치즈불닭볶음면,스프류,정제수,매운치즈소스,삼양간장본,정백당,치킨향분말,대두유,하바네로맛시즈닝,양파,맛베이스에스,매운고추베이스분말,마늘,지미강화육수분말,변성전분,고추분,탈색칠리추출물,파프리카추출물,후추분,치킨카레맛베이스,유산균발효분말,모짜렐라치즈분말,볶음참깨,구운김후레이크,,,,,,,,,,,,,,,,,,,,,,,,,
RCPB0206,컵 까르보불닭볶음면,면,소맥분,변성전분,팜유,활성소맥글루텐,정제염,미감에스유,양파엑기스,면류첨가알칼리제,구아검,"토코페롤혼합분말에스{덱스트린,d-토코페롤,시클로덱스트린,유화용전분믹스}",비타민B2,구연산,녹차풍미유,,,,,,,,,,,,,,,,,,,,,,,,,,,,,,,,,,
RCPB0206,컵 까르보불닭볶음면,스프류,정백당,혼합전지분유,삼양간장본,크림맛분말,정제수,그릴치킨농축액,치킨향분말,하바네로맛시즈닝,변성전분,대두유,정제염,모짜렐라치즈분말,버터시즈닝분말,양파,고추분,고추씨향미유,맛베이스에스,매운고추베이스분말,마늘,파슬리후레이크,지미강화육수분말,후추분,마늘분말,파프리카추출물,탈색칠리추출물,치킨카레맛베이스,유산균발효분말,,,,,,,,,,,,,,,,,,,,
RCPB0207,컵 불닭볶음면,면,소맥분,변성전분,팜유,활성소맥글루텐,정제염,미감에스유,양파엑기스,면류첨가알칼리제,구아검,비타민B2,구연산,녹차풍미유,,,,,,,,,,,,,,,,,,,,,,,,,,,,,,,,,,,
RCPB0207,컵 불닭볶음면,스프류,정제수,삼양간장본,정백당,그릴치킨농축액,치킨향분말,하바네로맛시즈닝,대두유,양파,고추분,고추씨향미유,맛베이스에스,매운고추베이스분말,마늘,지미강화육수분말,변성전분,탈색칠리추출물,파프리카추출물,후추분,치킨카레맛베이스,유산균발효분말,볶음참깨,구운김후레이크,,,,,,,,,,,,,,,,,,,,,,,,,
RCPS0602,컵 삼양라면 오리지널,면,소맥분,팜유,변성전분,정제염,미감에스유,생장,양파엑기스,면류첨가알칼리제,구아검,카로틴베이스,구연산,녹차풍미유,,,,,,,,,,,,,,,,,,,,,,,,,,,,,,,,,,,
RCPS0602,컵 삼양라면 오리지널,스프류,정제염,정백당,혼합양념베이스,맛조아베이스,맛베이스에스,양념간장분,조미맛분,장수베이스,팜유,마늘분말,향미증진제,고추분,볶음조미소맥분,혼합전지분유,매운조미고추맛분,후추분,돈육풍미분말,이스트엑기스분말,혼합양념분말,파프리카추출물,햄맛후레이크,건파,계란지단,동결건조당근,,,,,,,,,,,,,,,,,,,,,,,
RBJB0208,크림까르보불닭볶음면,면,소맥분,변성전분,팜유,정제염,미감에스유,면류첨가알칼리제,구아검,"토코페롤혼합분말에스{덱스트린,d-토코페롤,시클로덱스트린,유화용전분믹스}",비타민B2,구연산,녹차풍미유,,,,,,,,,,,,,,,,,,,,,,,,,,,,,,,,,,,,
RBJB0208,크림까르보불닭볶음면,스프류,정제수,혼합전지분유,정백당,매운치즈소스,그릴치킨농축액,치킨향분말,크림맛분말,정제염,대두유,하바네로맛시즈닝,크림치즈탕시즈닝,양파,모짜렐라치즈분말,맛베이스에스,매운고추베이스분말,마늘,버터시즈닝분말,혼합치즈분말,고추씨향미유,변성전분,지미강화육수분말,파슬리후레이크,탈색칠리추출물,파프리카추출물,후추분,치킨카레맛베이스,유산균발효분말,,,,,,,,,,,,,,,,,,,,
RCPB0209,큰컵 까르보불닭볶음면,면,소맥분,변성전분,팜유,활성소맥글루텐,정제염,미감에스유,양파엑기스,면류첨가알칼리제,구아검,"토코페롤혼합분말에스{덱스트린, d-토코페롤(혼합형), 시클로덱스트린, 유화용전분믹스}",비타민B2,구연산,녹차풍미유,,,,,,,,,,,,,,,,,,,,,,,,,,,,,,,,,,
RCPB0209,큰컵 까르보불닭볶음면,스프류,정백당,혼합전지분유,삼양간장본,크림맛분말,정제수,그릴치킨농축액,치킨향분말,하바네로맛시즈닝,정제염,변성전분,대두유,모짜렐라치즈분말,버터시즈닝분말,양파,고추분,고추씨향미유,맛베이스에스,매운고추베이스분말,마늘,파슬리후레이크,지미강화육수분말,후추분,마늘분말,파프리카추출물,탈색칠리추출물,치킨카레맛베이스,유산균발효분말,,,,,,,,,,,,,,,,,,,,
RCPN0101,큰컵 나가사끼짬뽕,면,소맥분,팜유,변성전분,감자전분,정제염,미감에스유,양파엑기스,면류첨가알칼리제,구아검,비타민B2,구연산,녹차풍미유,,,,,,,,,,,,,,,,,,,,,,,,,,,,,,,,,,,
RCPN0101,큰컵 나가사끼짬뽕,스프류,짬뽕육수베이스,정제염,정백당,청양고추시즈닝분말,돈골농축액분말,볶음짬뽕베이스,새우엑기스분말,채소풍미유분말,오징어조미분말,조미맛분,홍합엑기스분말,지미강화육수분말,하바네로맛시즈닝,향미증진제,짬뽕향미유,간장조미분말,쌀가루,참깨버터분말,참깨분말,후추분말,채소풍미유,매운조미고추맛분,건양배추,실당근,동결건조오징어,건파,조미건조홍고추,,,,,,,,,,,,,,,,,,,,
RCPB0210,큰컵 미트스파게티 불닭볶음면,면,소맥분,변성전분,팜유,활성소맥글루텐,정제염,미감에스유,양파엑기스,면류첨가알칼리제,구아검,비타민B2,구연산,녹차풍미유,,,,,,,,,,,,,,,,,,,,,,,,,,,,,,,,,,,
RCPB0210,큰컵 미트스파게티 불닭볶음면,스프류,정제수,토마토게찹,정백당,감칠맛베이스,굴소스티케이,비프추출물,양파,대두유,치킨향분말,혼합치즈분말,모짜렐라치즈분말,토마토분말,버터시즈닝분말,매운치즈소스,하바네로맛시즈닝,정제염,파슬리후레이크,파프리카추출물,향미증진제,탈색칠리추출물,변성전분,후추분,바질분말,오레가노분말,치킨카레맛베이스,유산균발효분말,조미비프맛후레이크,,,,,,,,,,,,,,,,,,,,
RCPB0211,큰컵 불닭볶음면,면,소맥분,변성전분,팜유,활성소맥글루텐,정제염,미감에스유,양파엑기스,면류첨가알칼리제,구아검,비타민B2,구연산,녹차풍미유,,,,,,,,,,,,,,,,,,,,,,,,,,,,,,,,,,,
RCPB0211,큰컵 불닭볶음면,스프류,정제수,삼양간장본,정백당,그릴치킨농축액,치킨향분말,대두유,하바네로맛시즈닝,양파,고추분,고추씨향미유,맛베이스에스,매운고추베이스분말,마늘,지미강화육수분말,변성전분,탈색칠리추출물,파프리카추출물,후추분,치킨카레맛베이스,유산균발효분말,볶음참깨,구운김후레이크,,,,,,,,,,,,,,,,,,,,,,,,,
RCPB0212,큰컵 불닭볶음탕면,면,소맥분,감자전분,변성전분,팜유,활성소맥글루텐,정제염,미감에스유,해물베이스,면류첨가알칼리제,구아검,"토코페롤혼합분말에스{덱스트린,d-토코페롤,시클로덱스트린,유화용전분믹스}",비타민B2,구연산,녹차풍미유,,,,,,,,,,,,,,,,,,,,,,,,,,,,,,,,,
RCPB0212,큰컵 불닭볶음탕면,스프류,정제수,감칠맛베이스,정백당,태양초고추장,볶음면조미분말,맛베이스에스,감자전분,정제염,치킨향분말,호화미분,마늘분말,삼양간장본,물엿,대두유,마늘,양파,청양고추시즈닝분말,탈색칠리추출물,향미증진제,파프리카추출물,변성전분,지미강화베이스분말,후추분,잔탄검,마늘맛오일,스테비올배당체,유산균발효분말,볶음참깨,건파,구운김후레이크,조미건조홍고추,,,,,,,,,,,,,,,,
RCPS0603,큰컵 삼양라면 매운맛,면,소맥분,변성전분,팜유,정제염,미감에스유,양파엑기스,면류첨가알칼리제,구아검,비타민B2,구연산,녹차풍미유,,,,,,,,,,,,,,,,,,,,,,,,,,,,,,,,,,,,
RCPS0603,큰컵 삼양라면 매운맛,스프류,부대찌개베이스,정제염,정백당,햄맛분말,감자전분,청양고추시즈닝분말,마늘분말,매운고추베이스분말,베이컨향분말,부대찌개분말,양지맛무국베이스,후추분,잔탄검,파프리카추출물,향미증진제,대두유,지미강화베이스분말,칠리추출물,실당근,청경채,햄맛후레이크,건양배추,건파,조미건조홍고추,,,,,,,,,,,,,,,,,,,,,,,
RCPS0604,큰컵 삼양라면 오리지널,면,소맥분,변성전분,팜유,정제염,미감에스유,양파엑기스,면류첨가알칼리제,구아검,비타민B2,구연산,녹차풍미유,,,,,,,,,,,,,,,,,,,,,,,,,,,,,,,,,,,,
RCPS0604,큰컵 삼양라면 오리지널,스프류,부대찌개베이스,정제염,감칠맛베이스에스,정백당,비프조미분말,아미노산간장분말,양지맛무국베이스,햄맛분말,간장조미분말,마늘분말,베이컨향분말,후추분,향미증진제,매운조미고추맛분,파프리카추출물,대두유,양념간장분,지미강화베이스분말,이스트엑기스분말,청경채,햄맛후레이크,실당근,건파,,,,,,,,,,,,,,,,,,,,,,,,
RCPB0213,큰컵 짜장불닭볶음면,면,소맥분,변성전분,팜유,활성소맥글루텐,정제염,미감에스유,양파엑기스,면류첨가알칼리제,구아검,비타민B2,구연산,녹차풍미유,,,,,,,,,,,,,,,,,,,,,,,,,,,,,,,,,,,
RCPB0213,큰컵 짜장불닭볶음면,스프류,정제수,춘장,정백당,삼양간장본,양파,대두유,혼합전지분유,그릴치킨농축액,치킨향분말,모짜렐라치즈분말,하바네로맛시즈닝,매운고추베이스분말,크림맛분말,변성전분,카라멜색소,맛베이스에스,마늘,버터시즈닝분말,정제염,지미강화육수분말,조미콩단백분,탈색칠리추출물,식물성크림분말,짜장분말,파프리카추출물,양파분,고과당,마늘분말,향미증진제,후추분,신미제,유산균발효분말,건당근,건양배추,양파후레이크,조미비프맛후레이크,동결건조완두콩,,,,,,,,,,
RCPB0214,큰컵 쫄볶이 불닭볶음면,면,변성전분,소맥분,팜유,활성소맥글루텐,정제염,미감에스유,양파엑기스,면류첨가알칼리제,구아검,녹차풍미유,비타민B2,구연산,,,,,,,,,,,,,,,,,,,,,,,,,,,,,,,,,,,
RCPB0214,큰컵 쫄볶이 불닭볶음면,스프류,정백당,정제수,태양초고추장,삼양간장본,그릴치킨농축액,고과당,하바네로맛시즈닝,대두유,치킨향분말,매운고추베이스분말,마늘,변성전분,양파,파프리카추출물,탈색칠리추출물,정제염,후추분,잔탄검,유산균발효분말,별미튀김,,,,,,,,,,,,,,,,,,,,,,,,,,,
RCPB0215,큰컵 치즈불닭볶음면,면,소맥분,변성전분,팜유,활성소맥글루텐,정제염,미감에스유,양파엑기스,면류첨가알칼리제,구아검,비타민B2,구연산,녹차풍미유,,,,,,,,,,,,,,,,,,,,,,,,,,,,,,,,,,,
RCPB0215,큰컵 치즈불닭볶음면,스프류,정제수,매운치즈소스,삼양간장본,정백당,치킨향분말,대두유,하바네로맛시즈닝,양파,맛베이스에스,매운고추베이스분말,마늘,변성전분,지미강화육수분말,탈색칠리추출물,고추분,파프리카추출물,후추분,치킨카레맛베이스,유산균발효분말,모짜렐라치즈분말,볶음참깨,구운김후레이크,,,,,,,,,,,,,,,,,,,,,,,,,
RCPB0216,큰컵 크림까르보불닭볶음면,면,소맥분,변성전분,팜유,활성소맥글루텐,정제염,미감에스유,양파엑기스,면류첨가알칼리제,구아검,"토코페롤혼합분말에스{덱스트린,d-토코페롤,시클로덱스트린,유화용전분믹스}",비타민B2,구연산,녹차풍미유,,,,,,,,,,,,,,,,,,,,,,,,,,,,,,,,,,
RCPB0216,큰컵 크림까르보불닭볶음면,스프류,정제수,혼합전지분유,정백당,매운치즈소스,크림맛분말,그릴치킨농축액,치킨향분말,정제염,대두유,크림치즈탕시즈닝,하바네로맛시즈닝,모짜렐라치즈분말,양파,맛베이스에스,매운고추베이스분말,버터시즈닝분말,혼합치즈분말,마늘,고추씨향미유,변성전분,지미강화육수분말,파슬리후레이크,탈색칠리추출물,파프리카추출물,후추분,치킨카레맛베이스,유산균발효분말,,,,,,,,,,,,,,,,,,,,
RBJB0217,핵불닭볶음면,면,소맥분,변성전분,팜유,활성소맥글루텐,정제염,미감에스유,면류첨가알칼리제,구아검,녹차풍미유,비타민B2,구연산,,,,,,,,,,,,,,,,,,,,,,,,,,,,,,,,,,,,
RBJB0217,핵불닭볶음면,스프류,정제수,삼양간장본,정백당,그릴농축액,치킨향분말,하바네로맛시즈닝,매운고추베이스분말,대두유,양파,탈색칠리추출물,마늘,고추씨향미유,변성전분,지미강화육수분말,고추분,파프리카추출물,후추분,치킨카레맛베이스,유산균발효분말,볶음참깨,구운김후레이크,,,,,,,,,,,,,,,,,,,,,,,,,,
RCPE3002,가쓰오 우동왕뚜껑,면,밀가루,팜유,변성전분,감자전분,정제염,감미유,글루텐,면조미양념액,양파농축액,면미소,구아검,인산염,녹차풍미액,비타민 B2,,,,,,,,,,,,,,,,,,,,,,,,,,,,,,,,,
RCPE3002,가쓰오 우동왕뚜껑,스프류,정제염,설탕,덱스트린,가쓰오조미과립,L-글루타민산나트륨,양조간장분말,가쓰오베이스분말,간장조미분말,고농축간장분말,멸치베이스분말,무즙분말,다시마엑기스분말,해산물분말,효모조미액분말,제삼인산칼슘,카라멜색소,고춧가루,표고버섯엑기스분말B,디포리멸치분말,흑후추가루,호박산이나트륨,대두기름,5-리보뉴클레오티드이나트륨,가쓰오부시분말,별미튀김6호,반달핑크건조어묵,건파,건미역,김,,,,,,,,,,,,,,,,,,
RCPG0800,공화춘 삼선짬뽕컵,면,밀가루,양파농축액,팜유,면미소,감자전분,구아검,변성전분,인산염,정제염,녹차풍미액,감미유,비타민 B2,글루텐,,,,,,,,,,,,,,,,,,,,,,,,,,,,,,,,,,
RCPG0800,공화춘 삼선짬뽕컵,스프류,정제염,새우분말,L-글루타민산나트륨,홍합엑기스분말,설탕,맛나베이스분말,볶음씨즈닝분말,고춧가루,짬뽕맛베이스,볶음양념분말,해물짬뽕분말,미더덕엑기스분말,오징어조미분말,흑후추가루,간장분말,이산화규소,,,,,,,,,,,,,,,,,,,,,,,,,,,,,,,
RCPB0500,빅3 볶음김치면,면,밀가루,결면제,팜유,감자전분,구아검,변성전분,인산염,감미유,알긴산프로필렌글리콜,정제염,비타민 B2(리보플라빈),글루텐,녹차풍미액,야채풍미액,,,,,,,,,,,,,,,,,,,,,,,,,,,,,,,,,
RCPB0500,빅3 볶음김치면,스프류,매운조미고추맛분,L-글루타민산나트륨,조미마늘분-3,백설탕,풍미조미료,볶음고추분말,제3인산칼슘,조미간장양념분,흑후추가루,구운소금,생강풍미분말,조미분에이,호박산이나트륨,복합조미식품(김치찌개분말Ⅳ),포도당,5-리보뉴클레오티드이나트륨,간장조미분말,파프리카추출색소,덱스트린,DL-사과산,복합조미식품(조미맛분),소고기조미분말,복합조미식품(양파간장복합분말),링홍고추,건파,반달핑크건조어묵,계란맛어포,김치,대두기름,KMU-2(변성전분),제3인산칼슘,정제수,,,,,,,,,,,,,,,
RCPE1900,오모리 김치찌개라면,면,밀가루,팜유,변성전분,감자전분,감미유,정제염,면미소,야채풍미액,구아검,인산염,녹차풍미액,비타민 B2,,,,,,,,,,,,,,,,,,,,,,,,,,,,,,,,,,,
RCPE1900,오모리 김치찌개라면,스프류,정제염,L-글루타민산나트륨,볶음고추분말,육수풍미분말,돼지뼈농축분말,김치찌개분말,설탕,김치스프베이스,김치맛분말,복합간장조미분말,간장분말,사골,된장,마늘양념분말,분말된장,고추장양념분말,청양고추엑기스분말,DL-사과산,흑후추가루,제삼인산칼슘,매운양념분말2호,지용성파프리카,조미양파분,5-리보뉴클레오티드이나트륨,호박산이나트륨,마늘향오일,건파,건조양파,건조마늘,건홍피망,김치(종가집맛김치),식용돈지,소스(오모리김치양념),복합조미식품(지미베이스),변성전분,제3인산칼슘,정제수,,,,,,,,,,
RBJE2900,일품짜장면,면,밀가루,팜유,변성전분,감자전분,정제염,감미유,면미소,양파농축액,구아검,인산염,녹차풍미액,비타민 B2,,,,,,,,,,,,,,,,,,,,,,,,,,,,,,,,,,,
RBJE2900,일품짜장면,스프류,정제수,양파,영화춘장,감자,양배추,돼지지방,설탕,돼지고기,대두기름,KMU,찰옥수수전분,복합감칠맛분말,생강농축액,글리신,5-리보뉴클레오티드이나트륨,정제염,닭육수M,탄산수소나트륨,,,,,,,,,,,,,,,,,,,,,,,,,,,,,
RBJT0300,틈새라면 빨계떡,면,밀가루,팜유,감자전분,변성전분,정제염,글루텐,감미유,시즈닝조미액,결면제,구아검,인산염,녹차풍미액,비타민 B2,알긴산프로필렌글리콜,,,,,,,,,,,,,,,,,,,,,,,,,,,,,,,,,
RBJT0300,틈새라면 빨계떡,스프류,정제염,설탕,L-글루타민산나트륨,5-리보뉴클레오티드이나트륨,호박산이나트륨,조미맛분말,매운풍미분,고춧가루,매운맛베이스,양념소고기맛분말,소고기조미분말,소고기전골-에스,장국베이스,불고기맛분말,조미분에이,소고기맛분말,핫스파이스분말,양조간장분말,조미마늘분-3,사골설렁탕분말,표고버섯엑기스분말B,고춧가루,매운양념분말2호,흑후추가루,효모조미액분말,비프시즈닝오일,파프리카추출색소,복합조미식품(우마미베이스),복합조미식품(핫베이스분말),제3인산칼슘(산도조절제),,,,,,,,,,,,,,,,,
RCPE3001,팔도 김치왕뚜껑,면,밀가루,팜유,변성전분,감자전분,감미유,정제염,글루텐,야채풍미액,결면제,씨즈닝엑기스,구아검,인산염,녹차풍미액,알긴산프로필렌글리콜,비타민 B2,,,,,,,,,,,,,,,,,,,,,,,,,,,,,,,,
RCPE3001,팔도 김치왕뚜껑,스프류,구운소금,L-글루타민산나트륨,볶음고추분말,설탕,가공유장분,돼지뼈농축분말,간장조미분말,김치스프베이스,고추장양념분말,분말된장,포도당,조미마늘분-3,DL-사과산,흑후추가루,조미양파분,조미맛분말,5-리보뉴클레오티드이나트륨,호박산이나트륨,카라멜색소,파프리카추출색소,마늘향오일,올레오레진캡시컴,건당근,계란맛찜,조미대두단백,건파,건조김치,,,,,,,,,,,,,,,,,,,,
RCPE3000,팔도 왕뚜껑,면,밀가루,변성전분,감자전분,밀글루텐,소스(야채브로스),소스(야채풍미액),정제소금,면류첨가알칼리제(결면제),구아검,산도조절제(인산염),알긴산프로필렌글리콜,비타민 B2(리보플라빈),기타 식용유지가공품(감미유S),팜유,기타가공품(녹차풍미액),,,,,,,,,,,,,,,,,,,,,,,,,,,,,,,,
RCPE3000,팔도 왕뚜껑,스프류,설탕,5-리보뉴클레오티드이나트륨,호박산이나트륨,고춧가루(고추분말),복합조미식품(간장조미분말),복합조미식품(풍미베이스),복합조미식품(볶음소금),복합조미식품(복합간장조미분말),복합조미식품(쇠고기맛분),복합조미식품(핫베이스분말),복합조미식품(양념간장액분말),복합조미식품(돈골농축분말),복합조미식품(조미분에이),복합조미식품(매운탕분말),복합조미식품(사골엑기스분말),기타가공품(매운양념분말),복합조미식품(고풍미쇠고기맛분말),복합조미식품(다대기베이스분),복합조미식품(쇠고기엑기스분말),복합조미식품(진국쇠고기분말),복합조미식품(감칠맛조미분),복합조미식품(우마미베이스),향신료조제품(흑후추분말),복합조미식품(조미맛분),복합조미식품(생강풍미분말),제3인산칼슘,파프리카추출색소(지용성파프리카),복합조미식품(소고기맛조미후레이크),과채가공품(실당근),과채가공품(청경채),복합조미식품(계란지단),건파,건조피망(건홍피망후레이크),건표고버섯(건표고갓후레이크),,,,,,,,,,,,,
RBJT0301,팔도 틈새라면 매운김치,면,밀가루,변성전분,감자전분,밀글루텐,소스(시즈닝조미액),정제소금,면류첨가알칼리제(결면제),구아검,산도조절제(인산염),알긴산프로필렌글리콜,비타민 B2(리보플라빈),기타 식용유지가공품(감미유S),팜유,기타가공품(녹차풍미액),,,,,,,,,,,,,,,,,,,,,,,,,,,,,,,,,
RBJT0301,팔도 틈새라면 매운김치,스프류,L-글루탐산나트륨,백설탕,복합조미식품(우마미베이스),호박산이나트륨,5-리보뉴클레오티드이나트륨,고춧가루(고춧가루(매운맛-1)),고춧가루(고추분말),복합조미식품(양념소고기맛분말),복합조미식품(쇠고기조미분말),복합조미식품(불고기맛분말),복합조미식품(장국베이스),복합조미식품(핫스파이스분말),복합조미식품(조미분에이),복합조미식품(소고기전골S),복합조미식품(매운풍미분),기타가공품(매운양념분말2호),복합조미식품(양조간장분말),복합조미식품(매운맛베이스),복합조미식품(핫베이스분말),복합조미식품(효모조미액분말),향신료조제품(흑후추분말),복합조미식품(조미맛분),DL-사과산(DL-사과산),복합조미식품(김치국물베이스),제3인산칼슘,향미유(비프시즈닝오일),파프리카추출색소(지용성파프리카),과채가공품(건조김치S),과채가공품(링파),과채가공품(건청경채),고춧가루(고추입자2호),,,,,,,,,,,,,,,,
RCPT0400,팔도김치도시락,면,밀가루,팜유,감자전분,변성전분,정제염,감미유,글루텐,야채풍미액,결면제,구아검,인산염,녹차풍미액,비타민 B2,,,,,,,,,,,,,,,,,,,,,,,,,,,,,,,,,,
RCPT0400,팔도김치도시락,스프류,정제염,맛베이스,설탕,볶음고추분말(볶음고추분말2),분말된장,조미마늘분-3,제3인산칼슘,진한감칠맛분,호박산이나트륨,5-리보뉴클레오티드이나트륨,파프리카추출색소,건파,건당근,알긴산프로필렌글리콜,복합조미식품(돈골농축분말),복합조미식품(김치찌개분말4),복합조미식품(육수풍미분말),복합조미식품(간장조미분말),복합조미식품(김치맛분말),복합조미식품(김치국물베이스),복합조미식품(복합간장조미분말),복합조미식품(고추장양념분말),복합조미식품(김치스프베이스),복합조미식품(세이보리분말),DL-사과산,복합조미식품(조미양파분),흑후추가루,글리신,복합조미식품(매운양념분말2호),식품첨가물혼합제제(NAMINO),복합조미식품(감칠맛조미분),식육또는알가공품(건조지단W),건조김치,,,,,,,,,,,,,,
RBJT0500,팔도비빔면,면,소맥분,팜유,감자전분,정제염,감미유S,"면류첨가알칼리제(탄산칼륨,탄산나트륨,피로인산나트륨)",구아검,산도조절제,녹차풍미액,,,,,,,,,,,,,,,,,,,,,,,,,,,,,,,,,,,,,,
RBJT0500,팔도비빔면,스프류,정제수,맛있는순창고추장,양념간장액,정제염,덱스트린,고춧가루,식초,홍고추엑기스,맛베이스,사과농축과즙,마늘엑기스,통참깨참기름,겨자분말,효모추출물,산도조절제,양파농축액,혼합야채엑기스,파프리카추출색소,구아검,향미증진제,참깨,김,만두향미유,설탕,,,,,,,,,,,,,,,,,,,,,,,
DHDB0100,Premium비타500로열폴리스,전체,정제수,기타과당,농축사과과즙(당도 72Brix°이상),비타민 C,벌꿀,합성향료(드링크향),구연산,"로얄젤리제품(생로열젤리60.6%, 덱스트린39.4%)",재제소금(재제조소금),효소처리스테비아,구연산삼나트륨,"기타가공품(수용성프로폴리스추출물[프로폴리스추출물, 폴리소르베이트20 합계 100%])",글루콘산아연,펙틴,타우린,DL-사과산,"오렌지추출물(오렌지농축과즙액, 시트로후레쉬농축액 합계 100%)",비타민 B2,용성비타민P,배농축액,,,,,,,,,,,,,,,,,,,,,,,,,,,
DATG0900,광동 대추쌍화,전체,생강쌍화농축액(고형분 55% 이상),대추농축액(고형분 60%이상),생강농축액(고형분 18%이상),기타과당,흑 설 탕,농축사과과즙,말토덱스트린,생강엣센스,구연산,구연산삼나트륨,귤피추출농축액,제재염,펙틴,산 탄 검,감초추출물,효소처리스테비아,정 제 수,당시럽류(당밀(molasses)),대추향,,,,,,,,,,,,,,,,,,,,,,,,,,,,
DHDG0901,광동 복분자,전체,정제수,액상과당,복분자농축액(복분자딸기농축액 (당도 5 Brix 이상)),구연산,복분자향,DL-사과산,구연산삼나트륨,재제소금(재제조소금),비타민 C,펙틴,효소처리스테비아,로즈마리추출물,이소말토올리고당,,,,,,,,,,,,,,,,,,,,,,,,,,,,,,,,,,
DATG0902,광동 생강쌍화,전체,생강쌍화농축액(고형분 5.5%),생강농축액(고형분 0.18%),기타과당,흑설탕,농축사과과즙,생강엣센스,말토덱스트린,당밀,구연산,구연산삼나트륨,잔탄검,펙틴,효소처리스테비아,정제수,시클로덱스트린시럽,감초추출물(감초정제물),재제소금(재제조소금),,,,,,,,,,,,,,,,,,,,,,,,,,,,,,
DATG0903,광동 쌍화골드,전체,쌍화골드농축액(고형분 5.5%),액상과당,구연산,구연산삼나트륨,제재염,펙틴,잔탄검,정제수,,,,,,,,,,,,,,,,,,,,,,,,,,,,,,,,,,,,,,,
DHDG0904,광동 아이루테인10 Lu-10,전체,정제수,기타과당,설탕,마리골드색소,과채가공품(열대혼합과일농축액),구연산,기타가공품(유니스타),합성향료(그라비올라향),L-아르지닌,합성향료(드링크향),구연산삼나트륨,비타민 C,DL-사과산,과채가공품(몽크후르츠농축과즙),스테비올배당체,,,,,,,,,,,,,,,,,,,,,,,,,,,,,,,,
DATG0905,광동 진쌍화,전체,진쌍화농축액(고형분 5.5%),액상과당,흑설탕,구연산,구연산삼나트륨,잔탄검,펙틴,정제수,재제소금(재제조소금),,,,,,,,,,,,,,,,,,,,,,,,,,,,,,,,,,,,,,
DHDG0906,광동 홍삼꿀D,전체,정제수,말티톨시럽,사양벌꿀,액상과당,백설탕,허브향,말토덱스트린,벌꿀향,"홍삼농축액(홍삼사포닌 70mg/g, 고형분 50%이상)",구연산,구연산삼나트륨,비타민 C,효소처리스테비아,글리신,,,,,,,,,,,,,,,,,,,,,,,,,,,,,,,,,
DHDB0101,비타500,전체,정제수,액상과당,농축사과과즙,비타민 C,구연산,드링크향,재제소금(재제조소금),효소처리스테비아,구연산삼나트륨,펙틴,글루콘산아연,타우린,DL-사과산,"오렌지추출물(오렌지농축과즙액, 시트로후레쉬농축액 합계 100%)","히알루론산-KD(히알루론산, 덱스트린 합계 100%)",비타민 B2,니코틴산아미드,판토텐산칼슘,용성비타민P,,,,,,,,,,,,,,,,,,,,,,,,,,,,
DHDB0102,비타500 A.C.E,전체,정제수,기타과당,농축사과과즙,비타민 C,구연산,드링크향,재제소금(재제조소금),효소처리스테비아,판토텐산칼슘,니코틴산아미드,용성비타민P,구연산삼나트륨,펙틴,글루콘산아연,타우린,DL-사과산,혼합제제비타민E분말,혼합제제,오렌지추출물,비타민 B2,감초추출물,,,,,,,,,,,,,,,,,,,,,,,,,,
DHDB0103,비타500칼슘,전체,정제수,액상과당,농축사과과즙(당도 72 Brix 이상),비타민 C,구연산,드링크향,효소처리스테비아,재제소금(재제조소금),구연산삼나트륨,"퓨라칼(글루콘산칼슘 50%, 젖산칼슘 50% 합계 100%)",펙틴,DL-사과산,타우린,"오렌지추출물(오렌지농축과즙액, 시트로후레쉬농축액 합계 100%)",비타민 B2,니코틴산아미드,판토텐산칼슘,용성비타민P,,,,,,,,,,,,,,,,,,,,,,,,,,,,,
DACM0600,맥스웰하우스 싱글카페 카푸치노,전체,정제수,설탕,혼합분유,인스턴트커피(맥심오리지날),유크림,탄산수소나트륨,유화제,합성착향료(초콜릿향),,,,,,,,,,,,,,,,,,,,,,,,,,,,,,,,,,,,,,,
DACM0700,맥심 에스프레소 T.O.P 더 블랙,전체,맥심에스프레소커피추출액,정제수,커피향,비타민 C,탄산칼륨(무수)(탄산칼륨),커피추출액(고형분 5%이상),헤미셀룰라아제,,,,,,,,,,,,,,,,,,,,,,,,,,,,,,,,,,,,,,,,
DACM0701,맥심 에스프레소 T.O.P 마스터 라떼,전체,에스프레소 커피추출액(맥심 에스프레소 커피추출액),정제수,우유,설탕,유크림,혼합분유,탄산칼륨(무수),유화제,비타민 C,커피추출액(고형분 5%이상),헤미셀룰라아제,,,,,,,,,,,,,,,,,,,,,,,,,,,,,,,,,,,,
DACM0702,맥심 에스프레소 T.O.P 스위트 아메리카노,전체,에스프레소 커피추출액(맥심에스프레소커피추출액),정제수,설탕,탄산칼륨(무수)(탄산칼륨),향료(커피향)(커피향),비타민 C,커피추출액(고형분 5%이상),헤미셀룰라아제,,,,,,,,,,,,,,,,,,,,,,,,,,,,,,,,,,,,,,,
DHDS1300,스타벅스 시그니처 초콜릿 드링크,전체,우유,정제수,설탕,초콜릿(시그니처 초콜릿 파우더),코코아분말,유화제,합성향료(초콜릿향),탄산수소나트륨,혼합제제,정제소금,,,,,,,,,,,,,,,,,,,,,,,,,,,,,,,,,,,,,
DACS1301,스타벅스 파이크 플레이스 로스트 블랙 커피,전체,정제수,커피추출액(스타벅스 파이크 플레이스 로스트 커피추출액(고형분 5%이상)),탄산칼륨(고시형),비타민 C,,,,,,,,,,,,,,,,,,,,,,,,,,,,,,,,,,,,,,,,,,,
DACS1302,스타벅스 프라푸치노 모카,전체,정제수,우유,커피추출액(스타벅스 커피추출액),설탕,혼합분유,유크림,탄산칼륨(고시형)(탄산칼륨),비타민 C,유화제(유화제1),유화제(유화제2),,,,,,,,,,,,,,,,,,,,,,,,,,,,,,,,,,,,,
DACS1303,스타벅스 프라푸치노 카라멜향,전체,정제수,우유,설탕,커피추출액(스타벅스 커피추출액),혼합분유,유크림,커피분말(콜롬비안 커피파우더),탄산칼륨(고시형)(탄산칼륨),코코아분말,비타민 C,유화제(유화제1),유화제(유화제2),,,,,,,,,,,,,,,,,,,,,,,,,,,,,,,,,,,
DACS1304,스타벅스 프라푸치노 커피,전체,정제수,우유,설탕,혼합분유,유크림,커피분말(콜롬비안 커피파우더),탄산칼륨(고시형)(탄산칼륨),합성향료(카라멜향),커피분말(이탈리안식 커피파우더),비타민 C,유화제(유화제1),유화제(유화제2),,,,,,,,,,,,,,,,,,,,,,,,,,,,,,,,,,,
DHDJ0700,제티 쵸코렛맛 드링크 CAN,전체,정제수,설탕,혼합분유,유크림,코코아분말,유화제,혼합제제,잔탄검,정제소금,바닐린,탄산수소나트륨,혼합제제,,,,,,,,,,,,,,,,,,,,,,,,,,,,,,,,,,,
DTSN0200,나랑드사이다,전체,탄산가스,난소화성말토덱스트린(고시형),정제소금,레몬농축과즙,DL-사과산,구연산,염화칼륨,젖산칼슘,구연산삼나트륨,아세설팜칼륨,수크랄로스,레몬라임향(17763),후르츠향(OT-45152),레몬라임향(AG-F-0493),레몬라임향(NR-13809),레몬라임향(#2 SF-13364),레몬라임향(EL-77140),정제수,레몬라임향(0103172),,,,,,,,,,,,,,,,,,,,,,,,,,,,
DTSD0200,데미소다 레몬,전체,백설탕,액상과당,레몬농축과즙,레몬퓌레,탄산가스,구연산,아카시아검(고시형)(아카시아 식이섬유),아세설팜칼륨,수크랄로스,레몬향(OK-15301),정제수,라임향(A-71014),후르츠향(22-0068),후르츠향(Enhancer No.1),,,,,,,,,,,,,,,,,,,,,,,,,,,,,,,,,
DTSD0201,데미소다 복숭아,전체,백설탕,액상과당,복숭아농축과즙,과채가공품(클라우디 백도농축액),탄산가스,구연산,정제소금,아카시아검(고시형)(아카시아식이섬유),복숭아향(1710138),복숭아향(OT-49492),복숭아향(OT-DP),복숭아향(G-5816-A),아세설팜칼륨,수크랄로스,정제수,,,,,,,,,,,,,,,,,,,,,,,,,,,,,,,,
DTSD0202,데미소다 애플,전체,백설탕,액상과당,농축사과과즙,탄산가스,구연산,아카시아검(고시형)(아카시아 식이섬유),아세설팜칼륨,수크랄로스,사과향(A-63061),정제수,사과향(A-51487),후르츠향(No.1),후르츠향(22-0068),,,,,,,,,,,,,,,,,,,,,,,,,,,,,,,,,,
DTSD0203,데미소다 오렌지,전체,백설탕,액상과당,만다린농축과즙,오렌지농축과즙,자몽농축과즙,탄산가스,구연산,정제소금,비타민 C,아세설팜칼륨,수크랄로스,오렌지향(G-5290-OB),오렌지향(OT-49716),오렌지향(FAC-25267),정제수,,,,,,,,,,,,,,,,,,,,,,,,,,,,,,,,
DTSD0204,데미소다 자몽,전체,백설탕,액상과당,자몽농축과즙,자몽농축과즙(레드자몽농축과즙),탄산가스,구연산,토마토색소(C-4050),아카시아검(고시형)(아카시아 식이섬유),비타민C(고시형),아세설팜칼륨,수크랄로스,시트러스향(JL70182[천연]),자몽향(11701),나린진,정제수,자몽향(OT-48068),자몽향(JL32651),자몽향(JL66844),,,,,,,,,,,,,,,,,,,,,,,,,,,,,
DTSD0205,데미소다 청포도,전체,백설탕,액상과당,백포도농축과즙,키위농축액(골든키위농축액),메타인산나트륨,구연산,DL-사과산,구연산삼나트륨,시트러스향(J-14),정제소금,아세설팜칼륨,수크랄로스,탄닌산,그린칼라(C-4479),청포도향(AF9163),청포도향(1809457),청포도향(DA1809),청포도향(NR-15261),후르츠향(Enhancer No.1),정제수,이산화탄소,,,,,,,,,,,,,,,,,,,,,,,,,,
DATD0400,데자와 로얄 밀크티,전체,정제수,홍차추출액(홍차엽: 인도네시아산),백설탕,전지분유,유화제(자당지방산에스테르(P-1670)),유화제(글리세린호박산지방산에스테르),유화제(폴리글리세린지방산에스테르 SWA-10D),덱스트린(Max-1000),정제소금(국산),합성향료(홍차향 OT-48073),합성향료(홍차향 AF-16909),합성향료(홍차향 JL-36106),탄산수소나트륨,,,,,,,,,,,,,,,,,,,,,,,,,,,,,,,,,,
DATD0700,두번째 우려낸 녹차만 담았다,전체,"녹차추출액(고형분0.72%, 녹차엽:국산)",비타민 C,탄산수소나트륨,정제수,,,,,,,,,,,,,,,,,,,,,,,,,,,,,,,,,,,,,,,,,,,
DHDE1500,오라떼 애플,전체,액상과당,혼합탈지분유,농축사과과즙,젖산칼슘,말토덱스트린,구연산,시클로덱스트린,대두다당류,사과향 FAC-5810,사과향 OT-16319,후르츠양 EL,구연산삼나트륨,칼슘카제인펩타이드,아와브레이크,아세설팜칼륨,수크랄로스,정제수,사과향(애플향 E-1813010),,,,,,,,,,,,,,,,,,,,,,,,,,,,,
DHDE1501,오라떼 오리지널,전체,정제수,액상과당,"혼합탈지분유(우유, 네덜란드산)","배농축과즙(고형분 70%,이스라엘산)",젖산칼슘,말토덱스트린,합성착향료,시클로덱스트린,구연산,대두다당류,구연산삼나트륨,CCP(우유),아와브레이크,합성감미료,,,,,,,,,,,,,,,,,,,,,,,,,,,,,,,,,
DHDE1502,오라떼 피치,전체,액상과당,혼합탈지분유,복숭아농축과실즙,젖산칼슘,말토덱스트린,시클로덱스트린,구연산,대두다당류,구연산삼나트륨,카제인칼슘펩타이드,아와브레이크H-01,아세설팜칼륨,수크랄로스,후르츠향 EL-90076,복숭아향 D70923,복숭아향 G-3515-RX,복숭아향 DL44741,정제수,,,,,,,,,,,,,,,,,,,,,,,,,,,,,
DTSE1600,오란씨 오렌지,전체,백설탕,탄산가스,오렌지농축과즙(이스라엘산),비타민 C,구연산,메타인산나트륨,구연산삼나트륨,시트러스향(시트러스향 J-14),베타카로틴(고시형)(카로틴클라우디 OK-18895),락색소(락색소 LA-60),아세설팜칼륨,수크랄로스,난소화성말토덱스트린분말(고시형),오렌지향(E-1918076),오렌지향(G-5932-B),오렌지향(OT-50646),오렌지향(21902311),정제수,알룰로오스,,,,,,,,,,,,,,,,,,,,,,,,,,,,
DTSE1601,오란씨 파인애플,전체,백설탕,탄산가스,파인애플농축과즙(베트남산),파인애플농축과즙(미국산),비타민 C,구연산,메타인산나트륨,시트러스향#1(시트러스향 J-14),아세설팜칼륨,수크랄로스,난소화성말토덱스트린분말(고시형),파인애플향(DO904128),파인애플향(FAC-30565),파인애플향(118209),파인애플향(OT-50651),천연향료(NAT Masking fl. JL-70181),정제수,정제소금(염화나트륨),알룰로오스,카로틴(CP-4753),,,,,,,,,,,,,,,,,,,,,,,,,,,
DTSE1800,오로나민C,전체,백설탕,액상과당,사양벌꿀,비타민 C,후르츠향(No.115835(액상)),구연산,카페인,비타민 B2,용성비타민P,비타민믹스,후루츠향(Fruits Flavor(분말)),탄산가스,정제수,,,,,,,,,,,,,,,,,,,,,,,,,,,,,,,,,,
DTSK0700,컨피던스,전체,백설탕,액상과당,구연산,비타민 C,L-글루타민산나트륨,비타민 B2,L-페닐알라닌,용성비타민P,비타민 B6 염산염,니코틴산아미드,L-트레오닌,L-이소로이신,염화나트륨,염화칼륨,염화마그네슘,구연산삼나트륨,젖산칼슘,에탄올,퓨어덱스,탄산가스,그레이프후르츠향NO(65868),그레이프후르츠향(OT-0398),자몽과즙(OT-G),스트로베리향KD,파인애플향KD,오렌지향베이스OT-CA,정제수,정제수,,,,,,,,,,,,,,,,,,,
DHDT0800,포카리스웨트,전체,액상과당,백설탕,구연산,구연산삼나트륨,L-글루타민산나트륨,정제소금,염화칼륨,젖산칼슘,비타민 C,염화 마그네슘,그레이프후르츠 농축과실즙,그레이프후르츠 혼합액  OT-G,그레이프후르츠 향료,정제수,,,,,,,,,,,,,,,,,,,,,,,,,,,,,,,,,
DHDT0801,포카리스웨트 이온워터,전체,백설탕,구연산,구연산삼나트륨,정제소금,염화칼륨,DL-사과산,젖산칼슘,글루코노-δ-락톤,L-글루타민산나트륨,염화마그네슘,자몽농축과즙(그레이프후르츠 과즙),혼합제제(Grapefruit Flavor PIW),정제수,비타민C(고시형),,,,,,,,,,,,,,,,,,,,,,,,,,,,,,,,,
DTSH0400,화이브미니,전체,백설탕,폴리덱스트로스(폴리덱스트로스 2040),액상과당,비타민 C,탄산가스,구연산,구연산삼나트륨,L-글루타민산나트륨,코치닐추출색소(코치닐추출색소-30),합성착향료(트로피칼후르츠향 OT-18655),합성착향료(패션후르츠향 No.63647),정제수,,,,,,,,,,,,,,,,,,,,,,,,,,,,,,,,,,,
DGYD0500,덴마크 딸기딸기우유,전체,탈지분유,유크림,덱스트린,탄산수소나트륨,자당지방산에스테르,정제소금,딸기향,요구르트향,"혼합제제(포도당,카민(착색료))",정제수,설탕,기타과당,딸기농축액,,,,,,,,,,,,,,,,,,,,,,,,,,,,,,,,,,
DGYD0501,덴마크 로얄밀크티,전체,식물성크림,탈지분유,설탕,기타과당,홍차엑기스분말,당시럽류(메이플시럽),탄산수소나트륨,정제수,,,,,,,,,,,,,,,,,,,,,,,,,,,,,,,,,,,,,,,
DGYD0502,덴마크 모닝시리얼우유,전체,원유,탈지분유,유크림,결정과당,19곡,이소말토올리고당,기타과당,카라기난,비타믹스D,정제염,자당지방산에스테르,씨리얼향,수크랄로스,정제수,,,,,,,,,,,,,,,,,,,,,,,,,,,,,,,,,
DACD0503,덴마크 민트라떼,전체,원유,탈지분유,유크림,설탕,기타과당(스위티스디에스500),커피농축액,탄산수소나트륨,자당지방산에스테르,서양박하잎추출물(민트추출액),합성향료(커피향),합성향료(민트향),코코아분말,정제수,,,,,,,,,,,,,,,,,,,,,,,,,,,,,,,,,,
DGYD0504,덴마크 민트초코우유,전체,원유,설탕,탈지분유,식물성크림,코코아분말,비타믹스D,자당지방산에스테르,카라기난,탄산수소나트륨,페퍼민트향,쿠키민트향,민트추출액,정제수,,,,,,,,,,,,,,,,,,,,,,,,,,,,,,,,,,
DGYD0505,덴마크 바나바나우유,전체,원유,설탕,덱스트린,탈지분유,바나나농축액,메이플시럽분말(메이플시럽),바나나향(크림바나나향),정제소금,카로틴,합성착향료(커스터드케익향),바닐라추출액(바닐라추출물),정제수,,,,,,,,,,,,,,,,,,,,,,,,,,,,,,,,,,,
DGYD0506,덴마크 초코초코우유,전체,원유,설탕,혼합분유,유크림,기타과당,덱스트린,코코아분말,합성향료(초콜릿향),자당지방산에스테르,비타믹스D,카르복시메틸셀룰로오스나트륨,카라기난,탄산수소나트륨,정제소금,바닐라추출액(바닐라추출물),정제수,,,,,,,,,,,,,,,,,,,,,,,,,,,,,,,
DACD0507,덴마크 커피커피,전체,원유,설탕,혼합분유,식물성크림,당류가공품(카라멜드리즐솔티),가당연유,커피분말,덱스트린,정제소금,탄산수소나트륨,커피향,카라멜향,밀크향,정제수,,,,,,,,,,,,,,,,,,,,,,,,,,,,,,,,,
DACK0600,커핑로드 모카라떼,전체,원유,설탕,커피(예가체프 블렌딩 커피추출액D),액상커피(코닐론 커피농축액),코코아분말(코코아파우더),초콜릿(리얼카카오 후레이크),자당지방산에스테르(유화제),탄산수소나트륨,카라기난,정제소금,합성향료(커피향),합성향료(초콜렛향),천연향료(바닐라추출물),천연향료(초콜렛추출액),정제수,,,,,,,,,,,,,,,,,,,,,,,,,,,,,,,,
DACK0601,커핑로드 에스프레소라떼,전체,원유,설탕,커피(만델링 블렌딩 에스프레소 커피추출액),액상커피(코닐론 커피농축액),자당지방산에스테르(유화제),탄산수소나트륨,합성향료(커피향),합성향료(커피향),합성향료(커피향),정제수,,,,,,,,,,,,,,,,,,,,,,,,,,,,,,,,,,,,,
DACK0602,커핑로드 카페봉봉,전체,원유,설탕,커피(카피로얄 블렌딩 드립식 커피추출액),액상커피(코닐론 커피농축액),가당연유,자당지방산에스테르(유화제),탄산수소나트륨,카르복시메틸셀룰로오스나트륨(CMC),합성향료(커피향),합성향료(커피향),합성향료(밀크향),정제소금,정제수,,,,,,,,,,,,,,,,,,,,,,,,,,,,,,,,,,
DAGK1400,쿨피스 복숭아,전체,액상과당,복숭아농축과즙,카르복시메틸셀룰로오스나트륨,DL-사과산,분말결정포도당(함수결정포도당),복숭아향,정제염,비타민 C,아스파탐,혼합제재,치자황색소,Lactobacillus(고시형)(유산균),정제수,혼합분유,파프리카추출색소,,,,,,,,,,,,,,,,,,,,,,,,,,,,,,,,
DAGK1401,쿨피스 자두,전체,액상과당,혼합분유,자두농축과즙,카르복시메틸셀룰로오스나트륨,포도당,구연산,자두향,DL-사과산,비타민 C,구연산삼나트륨,아스파탐,혼합제제,Lactobacillus(고시형)(유산균),정제수,파프리카추출색소,수용성안나토,,,,,,,,,,,,,,,,,,,,,,,,,,,,,,,
DAGK1402,쿨피스 파인애플,전체,액상과당,파인애플농축과즙,카르복시메틸셀룰로오스나트륨,구연산,DL-사과산,분말결정포도당(함수결정포도당),파인애플향,구연산삼나트륨,비타민 C,아스파탐,혼합제재,심황색소,Lactobacillus(고시형)(유산균),정제수,혼합분유,,,,,,,,,,,,,,,,,,,,,,,,,,,,,,,,
DHDE0100,이프로 부족할때 복숭아,전체,정제수,기타과당,복숭아청징농축액,구연산,합성향료(복숭아향),구연산삼나트륨,효소처리루틴,,,,,,,,,,,,,,,,,,,,,,,,,,,,,,,,,,,,,,,,
DHDG0400,게토레이 레몬,전체,정제수,설탕,포도당,"혼합제제(구연산삼나트륨, 제일인산칼륨, 정제소금)",구연산,DL-사과산,"혼합제제(글리세린, 정제수, 아라비아검, D-소비톨, 유화제, 야자유, 주정)",합성향료(레몬향),비타민C,홍화황색소,,,,,,,,,,,,,,,,,,,,,,,,,,,,,,,,,,,,,
DHDG0401,게토레이 블루볼트,전체,정제수,설탕,포도당,"혼합제제(구연산삼나트륨, 제일인산칼륨, 정제소금)",구연산,"혼합제제(프로필렌글리콜, 라즈베리추출물, 젖산, 말톨, 아세트알데히드, 정제수)","혼합제제(프로필렌글리콜, 변성전분, 유화제, 구연산, 정제수)","혼합제제(커피추출물, 프로필렌글리콜, 구연산, 정제수)",식용색소청색1호,,,,,,,,,,,,,,,,,,,,,,,,,,,,,,,,,,,,,,
DHDG0402,게토레이 오렌지,전체,정제수,설탕,포도당,"혼합제제(구연산삼나트륨, 제일인산칼륨, 정제소금)",구연산,DL-사과산,"혼합제제(글리세린, 정제수, 아라비아검, D-소비톨, 유화제, 야자유, 주정)",합성향료(레몬향),비타민C,홍화황색소,,,,,,,,,,,,,,,,,,,,,,,,,,,,,,,,,,,,,
DTSG1300,깨수깡,전체,정제수,기타과당,황칠해조류복합추출농축액,이산화탄소,벌꿀,헛개나무열매추출농축액,감귤농축액,구연산,시클로덱스트린시럽,합성향료(오렌지향),타우린,합성향료(유자향),효소처리루틴,,,,,,,,,,,,,,,,,,,,,,,,,,,,,,,,,,
DHDD0300,데일리C 레몬워터,전체,정제수,기타과당,비타민C,레몬청징농축액,합성향료(레몬향),구연산,구연사Na,천연향료,수크랄로스,효소처리루틴,홍화황색소,히알루론산,,,,,,,,,,,,,,,,,,,,,,,,,,,,,,,,,,,
DFDD0600,델몬트 매실,전체,정제수,기타과당,사과청징농축액,말토덱스트린,매실청징농축액,구연산,합성향료(매실향),구연산삼나트륨,비타민C,"혼합제제(홍화황색소, 락색소, 치자청색소)",,,,,,,,,,,,,,,,,,,,,,,,,,,,,,,,,,,,,
DFDD0601,델몬트 알로에,전체,정제수,기타과당,알로에베라겔,말토덱스트린,합성향료(포도향),구연산,젖산칼슘,비타민C,젤란검,구연산삼나트륨,"혼합제제(덱스트린, 치자청색소, 홍화황색소)",,,,,,,,,,,,,,,,,,,,,,,,,,,,,,,,,,,,
DFDD0602,델몬트 오렌지,전체,정제수,오렌지농축액,합성향료(오렌지향),비타민C,,,,,,,,,,,,,,,,,,,,,,,,,,,,,,,,,,,,,,,,,,,
DFDD0603,델몬트 토마토,전체,정제수,기타과당,토마토페이스트(토마토즙50%),구연산,합성향료(토마토향),셀룰로오스검,락색소,비타민C,,,,,,,,,,,,,,,,,,,,,,,,,,,,,,,,,,,,,,,
DFDD0604,델몬트 포도,전체,정제수,적포도청징농축액,구연산,합성향료(포도향),스테비올배당체,,,,,,,,,,,,,,,,,,,,,,,,,,,,,,,,,,,,,,,,,,
DACL0100,레쓰비 그란데 라떼,전체,정제수,우유,설탕,혼합분유,인스턴트커피,탄산수소나트륨,"합성향료(커피향, 우유향)",유화제,L-아소코브산나트륨,아세설팜칼륨,수크랄로스,,,,,,,,,,,,,,,,,,,,,,,,,,,,,,,,,,,,
DACL0101,레쓰비 그란데 헤이즐넛,전체,정제수,설탕,커피추출농축액A,커피추출농축액B,"합성향료(헤이즐넛향, 커피향)",탄산수소나트륨,L-아스코브산나트륨,천연향료(헤이즐넛향),,,,,,,,,,,,,,,,,,,,,,,,,,,,,,,,,,,,,,,
DACL0102,레쓰비 마일드,전체,정제수,설탕,혼합분유,인스턴트커피,전지분유,탄산수소나트륨,"합성향료(밀크향, 커피향)",유화제,정제소금,아세설팜칼륨,수크랄로스,,,,,,,,,,,,,,,,,,,,,,,,,,,,,,,,,,,,
DACL0103,레쓰비 모카라떼,전체,정제수,설탕,혼합분유,인스턴트커피,전지분유,코코아분말,탄산수소나트륨,유화제,합성향료(초콜릿향),,,,,,,,,,,,,,,,,,,,,,,,,,,,,,,,,,,,,,
DATL0300,립톤 밀크티,전체,정제수,우유,설탕,홍차추출분말,시트러스화이버,유화제,탄산수소나트륨,말토덱스트린,비타민C,합성향료(밀크티향),변성전분,스테비올배당체,팜유,올레인산,,,,,,,,,,,,,,,,,,,,,,,,,,,,,,,,,
DATL0301,립톤 아이스티 복숭아,전체,정제수,설탕,구연산,홍차추출분말,말토덱스트린,비타민C,복숭아과즙분말,변성전분,트리아세틴,합성향료(복숭아향),프로필렌글리콜,,,,,,,,,,,,,,,,,,,,,,,,,,,,,,,,,,,,
DTSM0200,마운틴듀,전체,정제수,설탕,이산화탄소,구연산,프로필렌글리콜,카페인,아라비아검,"합성향료(레몬향, 콜라향)",식용색소황색제4호,식용색소청색제1호,비타민C,수산화칼륨,,,,,,,,,,,,,,,,,,,,,,,,,,,,,,,,,,,
DTSM1000,밀키스,전체,정제수,기타과당,설탕,"혼합분유(탈지분유, 유청분말)",대두다당류,이산화탄소,구연산,합성향료(요구르트향),,,,,,,,,,,,,,,,,,,,,,,,,,,,,,,,,,,,,,,
DHDB0300,비타파워,전체,정제수,기타과당,비타민C,구연산,합성향료(드링크향),구연산삼나트륨,효소처리스테비아,타우린,수크랄로스,비타민B2인산에스테르나트륨,,,,,,,,,,,,,,,,,,,,,,,,,,,,,,,,,,,,,
DHDS0900,솔의눈,전체,정제수,백설탕,산도조절제,솔쌀추출농축액,포도당,비타민C,합성향료(솔싹향),치자청색소,,,,,,,,,,,,,,,,,,,,,,,,,,,,,,,,,,,,,,,
DATS1600,실론티,전체,정제수,홍차추출액,설탕,구연산,"합성향료(레몬향, 홍차향)",레몬청징농축액,홍차추출분말,비타민C,구연산삼나트륨,,,,,,,,,,,,,,,,,,,,,,,,,,,,,,,,,,,,,,
DATE0400,아침헛개,전체,정제수,헛개나무열매추출농축액,칡즙농축액,L-아스코브산나트륨,탄산수소나트륨,합성향료(혼합차향),,,,,,,,,,,,,,,,,,,,,,,,,,,,,,,,,,,,,,,,,
DTSE1700,오랑지나,전체,정제수,설탕,오렌지농축액,이산화탄소,오렌지펄프,레몬농축액,감귤농축액,오렌지껍질추출물,자몽농축액,비타민C,천연향료(오렌지향),메타중아황산나트륨,,,,,,,,,,,,,,,,,,,,,,,,,,,,,,,,,,,
DATE2500,옥수수수염차,전체,정제수,옥수수현미혼합추출액,합성향료(현미향),L-아스코브산나트륨,탄산수소나트륨,옥수수수염추출농축액,,,,,,,,,,,,,,,,,,,,,,,,,,,,,,,,,,,,,,,,,
DFDJ0500,제주사랑 감귤사랑,전체,정제수,감귤농축액,기타과당,구연산,유화제,합성향료(오렌지향),효소처리스테비아,비타민C,,,,,,,,,,,,,,,,,,,,,,,,,,,,,,,,,,,,,,,
DATC0300,초가을우엉차,전체,정제수,볶은우엉추출액,폴리덱스트로스,L-아스코르빈산나트륨,탄산수소나트륨,,,,,,,,,,,,,,,,,,,,,,,,,,,,,,,,,,,,,,,,,,
DTSC1300,칠성사이다,전체,정제수,기타과당,설탕,이산화탄소,구연산,천연향료(레몬라임향),,,,,,,,,,,,,,,,,,,,,,,,,,,,,,,,,,,,,,,,,
DTSC1301,칠성사이다 복숭아,전체,정제수,설탕,이산화탄소,복숭아청징농충액,천연향료(복숭아향),구연산,복숭아함유,,,,,,,,,,,,,,,,,,,,,,,,,,,,,,,,,,,,,,,,
DTSC1302,칠성사이다 제로,전체,정제수,액상알룰로스,이산화탄소,천연향료(레몬라임향),구연산,천연향료(레몬향),수크랄로스,아세섬팔칼륨,,,,,,,,,,,,,,,,,,,,,,,,,,,,,,,,,,,,,,,
DACK0500,칸타타 땅콩크림라떼,전체,정제수,칸타타원두커피추출액,우유,설탕,전지분유,커피추출농축액,땅콩페이스트,탄산수소나트륨,합성향료(볶음땅콩향),유크림,유화제,정제소금,"혼합제제(dl-a-토코페릴아세테이트, 변성전분, 말토덱스트린, 이산화규소)",수크랄로스,,,,,,,,,,,,,,,,,,,,,,,,,,,,,,,,,
DACK0501,칸타타 라떼홀릭 카페라떼,전체,정제수,우유,칸타타원두추출액,설탕,커피추출농충액,탄산수소나트륨,"합성향료(커피향, 밀크향)",유화제,L-아스코브산나트륨,,,,,,,,,,,,,,,,,,,,,,,,,,,,,,,,,,,,,,
DACK0502,칸타타 스위트 아메리카노,전체,정제수,칸타타원두커피추출액,설탕,합성향료(커피향),탄산수소나트륨,L-아스코브산나트륨,,,,,,,,,,,,,,,,,,,,,,,,,,,,,,,,,,,,,,,,,
DACK0503,칸타타 카라멜마키아토,전체,정제수,칸타타원두커피추출액,우유,설탕,혼합분유,전지분유,커피추출농축액,탄산수소나트륨,합성향료(커피향),유화제,카라멜시럽,L-아스코브산나트륨,,,,,,,,,,,,,,,,,,,,,,,,,,,,,,,,,,,
DACK0504,칸타타 콘트라베이스 콜드브루 라떼,전체,정제수,우유,콘트라베이스원두커피추출액,설탕,커피추출농축액,혼합분유,탄산수소나트륨,"합성향료(커피향, 우유향)",유화제,L-아스코브산나트륨,,,,,,,,,,,,,,,,,,,,,,,,,,,,,,,,,,,,,
DACK0505,칸타타 콘트라베이스 콜드브루 블랙,전체,정제수,콘트라베이스원두커피추출액,커피추출농축액A,커피추출농축액B,합성향료(커피향),탄산수소나트륨,L-아스코브산나트륨,,,,,,,,,,,,,,,,,,,,,,,,,,,,,,,,,,,,,,,,
DACK0506,칸타타 콘트라베이스 콜드브루 스위트블랙,전체,정제수,콘트라베이스원두커피추출액,설탕,커피추출농축액A,커피추출농축액B,합성향료(커피향),탄산수소나트륨,L-아스코브산나트륨,,,,,,,,,,,,,,,,,,,,,,,,,,,,,,,,,,,,,,,
DACK0507,칸타타 콜드브루 흑당라떼,전체,정제수,칸타타원두커피추출액,우유,설탕,혼합분유,비정제원당(흑당),커피추출농축액,"합성향료(브라운슈가향, 밀크향)",탄산수소나트륨,유크림,유화제,L-아소코브산나트륨,,,,,,,,,,,,,,,,,,,,,,,,,,,,,,,,,,,
DACK0508,칸타타 프리미엄 라떼,전체,정제수,칸타타원두커피추출액,우유,설탕,혼합분유,탄산수소나트륨,"합성향료(커피향, 우유향)",유화제,L-아스코브산나트륨,,,,,,,,,,,,,,,,,,,,,,,,,,,,,,,,,,,,,,
DHDK0900,코코리치 포도,전체,정제수,코코넛젤리시럽,설탕,백포도청징농축액,구연산,합성향료(포도향),구연산삼나트륨,비타민c,수크랄로스,아세설팜칼륨,,,,,,,,,,,,,,,,,,,,,,,,,,,,,,,,,,,,,
DTST0200,트레비 레몬,전체,정제수,이산화탄소,천연레몬향,,,,,,,,,,,,,,,,,,,,,,,,,,,,,,,,,,,,,,,,,,,,
DTST0600,펩시콜라,전체,정제수,기타과당,설탕,이산화탄소,"혼합제제A(카라멜색소, 정제수, 합성향료(콜라향))","혼합제제B(인산, 정제수, 카페인)",,,,,,,,,,,,,,,,,,,,,,,,,,,,,,,,,,,,,,,,,
DTST0601,펩시콜라 제로슈거,전체,정제수,이산화탄소,"혼합제제A(카라멜색소, 정제소, 인산, 합성향료(콜라향), 구연산, 코코넛오일)","혼합제제B(프로필렌글리콜, 정제수, 합성향료(라임향), 구연산삼나트륨, 구연산)","혼합제제D(인산, 카페인, 정제수)","혼합제제C(프로필렌글리콜, 합성향료(라임향))",아스파탐,아세설팜칼륨,수크랄로스,,,,,,,,,,,,,,,,,,,,,,,,,,,,,,,,,,,,,,
DTSH0100,핫식스,전체,정제수,기타과당,이산화탄소,과라나추출물,타우린,구연산,구연산삼나트륨,비타민C,가시오가피추출농축액,이노시톨,홍삼농축액,합성향료(혼합과일향),"혼합제제(L-이소로이신, L-발린, L-로이신)",홍차추출분말,"혼합제제(니코틴산아미드, 비타민B6염산염, 판토텐산칼슘, 비타민B2)",,,,,,,,,,,,,,,,,,,,,,,,,,,,,,,,
DTSH0101,핫식스 팬시캔디,전체,정제수,설탕,이산화탄소,구연산,타우린,과라나추출물,구연산삼나트륨,합성향료,당근추출액,이노시톨,카페인,수크랄로스,"혼합제제(L-이소로이신, L-발린, L-로이신)",효소처리루틴,니코틴산아미드, 스테비올배당체,비타민B6염산염,판토텐산칼슘,,,,,,,,,,,,,,,,,,,,,,,,,,,,,
DATH0600,황금보리,전체,정제수,보리혼합추출액,보리농축액,탄산수소나트륨,L-아스코브산나트륨,,,,,,,,,,,,,,,,,,,,,,,,,,,,,,,,,,,,,,,,,,
